timestamp,spx_price,orb_high,orb_low,breakout,direction,ivp,trend,strategy,legs,entry_spread,signal_ok,executed,reason
2026-02-20 14:02:22,6912.98,6869.98,6836.33,6912.47,BULLISH,92.4,UPTREND,STRAT_CREDIT_PUT,P6910S|P6885B,-4.3,YES,NO,Strategy built with strikes
2026-02-20 14:06:34,6906.47,6869.98,6836.33,6908.6,BULLISH,92.4,UPTREND,STRAT_CREDIT_PUT,P6910S|P6885B,-6.55,YES,NO,Strategy built with strikes
2026-02-20 14:07:28,6912.47,6869.98,6836.33,,BULLISH,92.4,UPTREND,SIGNAL_ONLY_MODE,,,YES,NO,Signal-only mode - no execution
2026-02-20 14:07:28,6912.47,6869.98,6836.33,,BULLISH,,UPTREND,,,,YES,NO,All conditions met
2026-02-20 14:07:31,6912.47,6869.98,6836.33,,BULLISH,92.4,UPTREND,SIGNAL_ONLY_MODE,,,YES,NO,Signal-only mode - no execution
2026-02-20 14:07:31,6912.47,6869.98,6836.33,,BULLISH,,UPTREND,,,,YES,NO,All conditions met
2026-02-20 14:07:33,6912.47,6869.98,6836.33,,BULLISH,92.4,UPTREND,SIGNAL_ONLY_MODE,,,YES,NO,Signal-only mode - no execution
2026-02-20 14:07:33,6912.47,6869.98,6836.33,,BULLISH,,UPTREND,,,,YES,NO,All conditions met
2026-02-20 14:07:36,6912.47,6869.98,6836.33,,BULLISH,92.4,UPTREND,SIGNAL_ONLY_MODE,,,YES,NO,Signal-only mode - no execution
2026-02-20 14:07:36,6912.47,6869.98,6836.33,,BULLISH,,UPTREND,,,,YES,NO,All conditions met
2026-02-20 14:07:38,6912.47,6869.98,6836.33,,BULLISH,92.4,UPTREND,SIGNAL_ONLY_MODE,,,YES,NO,Signal-only mode - no execution
2026-02-20 14:07:38,6912.47,6869.98,6836.33,,BULLISH,,UPTREND,,,,YES,NO,All conditions met
2026-02-20 14:07:40,6912.47,6869.98,6836.33,,BULLISH,92.4,UPTREND,SIGNAL_ONLY_MODE,,,YES,NO,Signal-only mode - no execution
2026-02-20 14:07:40,6912.47,6869.98,6836.33,,BULLISH,,UPTREND,,,,YES,NO,All conditions met
2026-02-20 14:07:42,6912.47,6869.98,6836.33,,BULLISH,92.4,UPTREND,SIGNAL_ONLY_MODE,,,YES,NO,Signal-only mode - no execution
2026-02-20 14:07:42,6912.47,6869.98,6836.33,,BULLISH,,UPTREND,,,,YES,NO,All conditions met
2026-02-20 14:07:45,6912.47,6869.98,6836.33,,BULLISH,92.4,UPTREND,SIGNAL_ONLY_MODE,,,YES,NO,Signal-only mode - no execution
2026-02-20 14:07:45,6912.47,6869.98,6836.33,,BULLISH,,UPTREND,,,,YES,NO,All conditions met
2026-02-20 14:07:47,6912.47,6869.98,6836.33,,BULLISH,92.4,UPTREND,SIGNAL_ONLY_MODE,,,YES,NO,Signal-only mode - no execution
2026-02-20 14:07:47,6912.47,6869.98,6836.33,,BULLISH,,UPTREND,,,,YES,NO,All conditions met
2026-02-20 14:07:49,6912.47,6869.98,6836.33,,BULLISH,92.4,UPTREND,SIGNAL_ONLY_MODE,,,YES,NO,Signal-only mode - no execution
2026-02-20 14:07:49,6912.47,6869.98,6836.33,,BULLISH,,UPTREND,,,,YES,NO,All conditions met
2026-02-20 14:07:52,6912.47,6869.98,6836.33,,BULLISH,92.4,UPTREND,SIGNAL_ONLY_MODE,,,YES,NO,Signal-only mode - no execution
2026-02-20 14:07:52,6912.47,6869.98,6836.33,,BULLISH,,UPTREND,,,,YES,NO,All conditions met
2026-02-20 14:07:54,6912.47,6869.98,6836.33,,BULLISH,92.4,UPTREND,SIGNAL_ONLY_MODE,,,YES,NO,Signal-only mode - no execution
2026-02-20 14:07:54,6912.47,6869.98,6836.33,,BULLISH,,UPTREND,,,,YES,NO,All conditions met
2026-02-20 14:07:56,6912.47,6869.98,6836.33,,BULLISH,92.4,UPTREND,SIGNAL_ONLY_MODE,,,YES,NO,Signal-only mode - no execution
2026-02-20 14:07:56,6912.47,6869.98,6836.33,,BULLISH,,UPTREND,,,,YES,NO,All conditions met
2026-02-20 14:07:59,6912.47,6869.98,6836.33,,BULLISH,92.4,UPTREND,SIGNAL_ONLY_MODE,,,YES,NO,Signal-only mode - no execution
2026-02-20 14:07:59,6912.47,6869.98,6836.33,,BULLISH,,UPTREND,,,,YES,NO,All conditions met
2026-02-20 14:08:01,6912.47,6869.98,6836.33,,BULLISH,92.4,UPTREND,SIGNAL_ONLY_MODE,,,YES,NO,Signal-only mode - no execution
2026-02-20 14:08:01,6912.47,6869.98,6836.33,,BULLISH,,UPTREND,,,,YES,NO,All conditions met
2026-02-20 14:08:03,6912.47,6869.98,6836.33,,BULLISH,92.4,UPTREND,SIGNAL_ONLY_MODE,,,YES,NO,Signal-only mode - no execution
2026-02-20 14:08:03,6912.47,6869.98,6836.33,,BULLISH,,UPTREND,,,,YES,NO,All conditions met
2026-02-20 14:08:06,6912.47,6869.98,6836.33,,BULLISH,92.4,UPTREND,SIGNAL_ONLY_MODE,,,YES,NO,Signal-only mode - no execution
2026-02-20 14:08:06,6912.47,6869.98,6836.33,,BULLISH,,UPTREND,,,,YES,NO,All conditions met
2026-02-20 14:08:08,6912.47,6869.98,6836.33,,BULLISH,92.4,UPTREND,SIGNAL_ONLY_MODE,,,YES,NO,Signal-only mode - no execution
2026-02-20 14:08:08,6912.47,6869.98,6836.33,,BULLISH,,UPTREND,,,,YES,NO,All conditions met
2026-02-20 14:08:10,6912.47,6869.98,6836.33,,BULLISH,92.4,UPTREND,SIGNAL_ONLY_MODE,,,YES,NO,Signal-only mode - no execution
2026-02-20 14:08:10,6912.47,6869.98,6836.33,,BULLISH,,UPTREND,,,,YES,NO,All conditions met
2026-02-20 14:08:12,6912.47,6869.98,6836.33,,BULLISH,92.4,UPTREND,SIGNAL_ONLY_MODE,,,YES,NO,Signal-only mode - no execution
2026-02-20 14:08:12,6912.47,6869.98,6836.33,,BULLISH,,UPTREND,,,,YES,NO,All conditions met
2026-02-20 14:08:15,6912.47,6869.98,6836.33,,BULLISH,92.4,UPTREND,SIGNAL_ONLY_MODE,,,YES,NO,Signal-only mode - no execution
2026-02-20 14:08:15,6912.47,6869.98,6836.33,,BULLISH,,UPTREND,,,,YES,NO,All conditions met
2026-02-20 14:08:17,6912.47,6869.98,6836.33,,BULLISH,92.4,UPTREND,SIGNAL_ONLY_MODE,,,YES,NO,Signal-only mode - no execution
2026-02-20 14:08:17,6912.47,6869.98,6836.33,,BULLISH,,UPTREND,,,,YES,NO,All conditions met
2026-02-20 14:08:19,6912.47,6869.98,6836.33,,BULLISH,92.4,UPTREND,SIGNAL_ONLY_MODE,,,YES,NO,Signal-only mode - no execution
2026-02-20 14:08:19,6912.47,6869.98,6836.33,,BULLISH,,UPTREND,,,,YES,NO,All conditions met
2026-02-20 14:08:22,6912.47,6869.98,6836.33,,BULLISH,92.4,UPTREND,SIGNAL_ONLY_MODE,,,YES,NO,Signal-only mode - no execution
2026-02-20 14:08:22,6912.47,6869.98,6836.33,,BULLISH,,UPTREND,,,,YES,NO,All conditions met
2026-02-20 14:08:24,6912.47,6869.98,6836.33,,BULLISH,92.4,UPTREND,SIGNAL_ONLY_MODE,,,YES,NO,Signal-only mode - no execution
2026-02-20 14:08:24,6912.47,6869.98,6836.33,,BULLISH,,UPTREND,,,,YES,NO,All conditions met
2026-02-20 14:08:26,6912.47,6869.98,6836.33,,BULLISH,92.4,UPTREND,SIGNAL_ONLY_MODE,,,YES,NO,Signal-only mode - no execution
2026-02-20 14:08:26,6912.47,6869.98,6836.33,,BULLISH,,UPTREND,,,,YES,NO,All conditions met
2026-02-20 14:08:29,6912.47,6869.98,6836.33,,BULLISH,92.4,UPTREND,SIGNAL_ONLY_MODE,,,YES,NO,Signal-only mode - no execution
2026-02-20 14:08:29,6912.47,6869.98,6836.33,,BULLISH,,UPTREND,,,,YES,NO,All conditions met
2026-02-20 14:08:31,6912.47,6869.98,6836.33,,BULLISH,92.4,UPTREND,SIGNAL_ONLY_MODE,,,YES,NO,Signal-only mode - no execution
2026-02-20 14:08:31,6912.47,6869.98,6836.33,,BULLISH,,UPTREND,,,,YES,NO,All conditions met
2026-02-20 14:08:33,6912.47,6869.98,6836.33,,BULLISH,92.4,UPTREND,SIGNAL_ONLY_MODE,,,YES,NO,Signal-only mode - no execution
2026-02-20 14:08:33,6912.47,6869.98,6836.33,,BULLISH,,UPTREND,,,,YES,NO,All conditions met
2026-02-20 14:08:36,6912.47,6869.98,6836.33,,BULLISH,92.4,UPTREND,SIGNAL_ONLY_MODE,,,YES,NO,Signal-only mode - no execution
2026-02-20 14:08:36,6912.47,6869.98,6836.33,,BULLISH,,UPTREND,,,,YES,NO,All conditions met
2026-02-20 14:08:38,6912.47,6869.98,6836.33,,BULLISH,92.4,UPTREND,SIGNAL_ONLY_MODE,,,YES,NO,Signal-only mode - no execution
2026-02-20 14:08:38,6912.47,6869.98,6836.33,,BULLISH,,UPTREND,,,,YES,NO,All conditions met
2026-02-20 14:08:41,6912.47,6869.98,6836.33,,BULLISH,92.4,UPTREND,SIGNAL_ONLY_MODE,,,YES,NO,Signal-only mode - no execution
2026-02-20 14:08:41,6912.47,6869.98,6836.33,,BULLISH,,UPTREND,,,,YES,NO,All conditions met
2026-02-20 14:08:44,6912.47,6869.98,6836.33,,BULLISH,92.4,UPTREND,SIGNAL_ONLY_MODE,,,YES,NO,Signal-only mode - no execution
2026-02-20 14:08:44,6912.47,6869.98,6836.33,,BULLISH,,UPTREND,,,,YES,NO,All conditions met
2026-02-20 14:08:46,6912.47,6869.98,6836.33,,BULLISH,92.4,UPTREND,SIGNAL_ONLY_MODE,,,YES,NO,Signal-only mode - no execution
2026-02-20 14:08:46,6912.47,6869.98,6836.33,,BULLISH,,UPTREND,,,,YES,NO,All conditions met
2026-02-20 14:08:48,6912.47,6869.98,6836.33,,BULLISH,92.4,UPTREND,SIGNAL_ONLY_MODE,,,YES,NO,Signal-only mode - no execution
2026-02-20 14:08:48,6912.47,6869.98,6836.33,,BULLISH,,UPTREND,,,,YES,NO,All conditions met
2026-02-20 14:08:51,6912.47,6869.98,6836.33,,BULLISH,92.4,UPTREND,SIGNAL_ONLY_MODE,,,YES,NO,Signal-only mode - no execution
2026-02-20 14:08:51,6912.47,6869.98,6836.33,,BULLISH,,UPTREND,,,,YES,NO,All conditions met
2026-02-20 14:08:53,6912.47,6869.98,6836.33,,BULLISH,92.4,UPTREND,SIGNAL_ONLY_MODE,,,YES,NO,Signal-only mode - no execution
2026-02-20 14:08:53,6912.47,6869.98,6836.33,,BULLISH,,UPTREND,,,,YES,NO,All conditions met
2026-02-20 14:08:55,6912.47,6869.98,6836.33,,BULLISH,92.4,UPTREND,SIGNAL_ONLY_MODE,,,YES,NO,Signal-only mode - no execution
2026-02-20 14:08:55,6912.47,6869.98,6836.33,,BULLISH,,UPTREND,,,,YES,NO,All conditions met
2026-02-20 14:08:58,6912.47,6869.98,6836.33,,BULLISH,92.4,UPTREND,SIGNAL_ONLY_MODE,,,YES,NO,Signal-only mode - no execution
2026-02-20 14:08:58,6912.47,6869.98,6836.33,,BULLISH,,UPTREND,,,,YES,NO,All conditions met
2026-02-20 14:09:00,6912.47,6869.98,6836.33,,BULLISH,92.4,UPTREND,SIGNAL_ONLY_MODE,,,YES,NO,Signal-only mode - no execution
2026-02-20 14:09:00,6912.47,6869.98,6836.33,,BULLISH,,UPTREND,,,,YES,NO,All conditions met
2026-02-20 14:09:02,6912.47,6869.98,6836.33,,BULLISH,92.4,UPTREND,SIGNAL_ONLY_MODE,,,YES,NO,Signal-only mode - no execution
2026-02-20 14:09:02,6912.47,6869.98,6836.33,,BULLISH,,UPTREND,,,,YES,NO,All conditions met
2026-02-20 14:09:04,6912.47,6869.98,6836.33,,BULLISH,92.4,UPTREND,SIGNAL_ONLY_MODE,,,YES,NO,Signal-only mode - no execution
2026-02-20 14:09:04,6912.47,6869.98,6836.33,,BULLISH,,UPTREND,,,,YES,NO,All conditions met
2026-02-20 14:09:07,6912.47,6869.98,6836.33,,BULLISH,92.4,UPTREND,SIGNAL_ONLY_MODE,,,YES,NO,Signal-only mode - no execution
2026-02-20 14:09:07,6912.47,6869.98,6836.33,,BULLISH,,UPTREND,,,,YES,NO,All conditions met
2026-02-20 14:09:09,6912.47,6869.98,6836.33,,BULLISH,92.4,UPTREND,SIGNAL_ONLY_MODE,,,YES,NO,Signal-only mode - no execution
2026-02-20 14:09:09,6912.47,6869.98,6836.33,,BULLISH,,UPTREND,,,,YES,NO,All conditions met
2026-02-20 14:09:11,6912.47,6869.98,6836.33,,BULLISH,92.4,UPTREND,SIGNAL_ONLY_MODE,,,YES,NO,Signal-only mode - no execution
2026-02-20 14:09:11,6912.47,6869.98,6836.33,,BULLISH,,UPTREND,,,,YES,NO,All conditions met
2026-02-20 14:09:14,6912.47,6869.98,6836.33,,BULLISH,92.4,UPTREND,SIGNAL_ONLY_MODE,,,YES,NO,Signal-only mode - no execution
2026-02-20 14:09:14,6912.47,6869.98,6836.33,,BULLISH,,UPTREND,,,,YES,NO,All conditions met
2026-02-20 14:09:16,6912.47,6869.98,6836.33,,BULLISH,92.4,UPTREND,SIGNAL_ONLY_MODE,,,YES,NO,Signal-only mode - no execution
2026-02-20 14:09:16,6912.47,6869.98,6836.33,,BULLISH,,UPTREND,,,,YES,NO,All conditions met
2026-02-20 14:09:18,6912.47,6869.98,6836.33,,BULLISH,92.4,UPTREND,SIGNAL_ONLY_MODE,,,YES,NO,Signal-only mode - no execution
2026-02-20 14:09:18,6912.47,6869.98,6836.33,,BULLISH,,UPTREND,,,,YES,NO,All conditions met
2026-02-20 14:09:21,6912.47,6869.98,6836.33,,BULLISH,92.4,UPTREND,SIGNAL_ONLY_MODE,,,YES,NO,Signal-only mode - no execution
2026-02-20 14:09:21,6912.47,6869.98,6836.33,,BULLISH,,UPTREND,,,,YES,NO,All conditions met
2026-02-20 14:09:23,6912.47,6869.98,6836.33,,BULLISH,92.4,UPTREND,SIGNAL_ONLY_MODE,,,YES,NO,Signal-only mode - no execution
2026-02-20 14:09:23,6912.47,6869.98,6836.33,,BULLISH,,UPTREND,,,,YES,NO,All conditions met
2026-02-20 14:09:25,6912.47,6869.98,6836.33,,BULLISH,92.4,UPTREND,SIGNAL_ONLY_MODE,,,YES,NO,Signal-only mode - no execution
2026-02-20 14:09:25,6912.47,6869.98,6836.33,,BULLISH,,UPTREND,,,,YES,NO,All conditions met
2026-02-20 14:09:28,6912.47,6869.98,6836.33,,BULLISH,92.4,UPTREND,SIGNAL_ONLY_MODE,,,YES,NO,Signal-only mode - no execution
2026-02-20 14:09:28,6912.47,6869.98,6836.33,,BULLISH,,UPTREND,,,,YES,NO,All conditions met
2026-02-20 14:09:30,6912.47,6869.98,6836.33,,BULLISH,92.4,UPTREND,SIGNAL_ONLY_MODE,,,YES,NO,Signal-only mode - no execution
2026-02-20 14:09:30,6912.47,6869.98,6836.33,,BULLISH,,UPTREND,,,,YES,NO,All conditions met
2026-02-20 14:09:32,6912.47,6869.98,6836.33,,BULLISH,92.4,UPTREND,SIGNAL_ONLY_MODE,,,YES,NO,Signal-only mode - no execution
2026-02-20 14:09:32,6912.47,6869.98,6836.33,,BULLISH,,UPTREND,,,,YES,NO,All conditions met
2026-02-20 14:09:35,6912.47,6869.98,6836.33,,BULLISH,92.4,UPTREND,SIGNAL_ONLY_MODE,,,YES,NO,Signal-only mode - no execution
2026-02-20 14:09:35,6912.47,6869.98,6836.33,,BULLISH,,UPTREND,,,,YES,NO,All conditions met
2026-02-20 14:09:37,6912.47,6869.98,6836.33,,BULLISH,92.4,UPTREND,SIGNAL_ONLY_MODE,,,YES,NO,Signal-only mode - no execution
2026-02-20 14:09:37,6912.47,6869.98,6836.33,,BULLISH,,UPTREND,,,,YES,NO,All conditions met
2026-02-20 14:09:39,6912.47,6869.98,6836.33,,BULLISH,92.4,UPTREND,SIGNAL_ONLY_MODE,,,YES,NO,Signal-only mode - no execution
2026-02-20 14:09:39,6912.47,6869.98,6836.33,,BULLISH,,UPTREND,,,,YES,NO,All conditions met
2026-02-20 14:09:42,6912.47,6869.98,6836.33,,BULLISH,92.4,UPTREND,SIGNAL_ONLY_MODE,,,YES,NO,Signal-only mode - no execution
2026-02-20 14:09:42,6912.47,6869.98,6836.33,,BULLISH,,UPTREND,,,,YES,NO,All conditions met
2026-02-20 14:09:44,6912.47,6869.98,6836.33,,BULLISH,92.4,UPTREND,SIGNAL_ONLY_MODE,,,YES,NO,Signal-only mode - no execution
2026-02-20 14:09:44,6912.47,6869.98,6836.33,,BULLISH,,UPTREND,,,,YES,NO,All conditions met
2026-02-20 14:09:46,6912.47,6869.98,6836.33,,BULLISH,92.4,UPTREND,SIGNAL_ONLY_MODE,,,YES,NO,Signal-only mode - no execution
2026-02-20 14:09:46,6912.47,6869.98,6836.33,,BULLISH,,UPTREND,,,,YES,NO,All conditions met
2026-02-20 14:09:49,6912.47,6869.98,6836.33,,BULLISH,92.4,UPTREND,SIGNAL_ONLY_MODE,,,YES,NO,Signal-only mode - no execution
2026-02-20 14:09:49,6912.47,6869.98,6836.33,,BULLISH,,UPTREND,,,,YES,NO,All conditions met
2026-02-20 14:09:52,6912.47,6869.98,6836.33,,BULLISH,92.4,UPTREND,SIGNAL_ONLY_MODE,,,YES,NO,Signal-only mode - no execution
2026-02-20 14:09:52,6912.47,6869.98,6836.33,,BULLISH,,UPTREND,,,,YES,NO,All conditions met
2026-02-20 14:09:54,6912.47,6869.98,6836.33,,BULLISH,92.4,UPTREND,SIGNAL_ONLY_MODE,,,YES,NO,Signal-only mode - no execution
2026-02-20 14:09:54,6912.47,6869.98,6836.33,,BULLISH,,UPTREND,,,,YES,NO,All conditions met
2026-02-20 14:09:57,6912.47,6869.98,6836.33,,BULLISH,92.4,UPTREND,SIGNAL_ONLY_MODE,,,YES,NO,Signal-only mode - no execution
2026-02-20 14:09:57,6912.47,6869.98,6836.33,,BULLISH,,UPTREND,,,,YES,NO,All conditions met
2026-02-20 14:09:59,6912.47,6869.98,6836.33,,BULLISH,92.4,UPTREND,SIGNAL_ONLY_MODE,,,YES,NO,Signal-only mode - no execution
2026-02-20 14:09:59,6912.47,6869.98,6836.33,,BULLISH,,UPTREND,,,,YES,NO,All conditions met
2026-02-20 14:10:01,6912.47,6869.98,6836.33,,BULLISH,92.4,UPTREND,SIGNAL_ONLY_MODE,,,YES,NO,Signal-only mode - no execution
2026-02-20 14:10:01,6912.47,6869.98,6836.33,,BULLISH,,UPTREND,,,,YES,NO,All conditions met
2026-02-20 14:10:03,6912.47,6869.98,6836.33,,BULLISH,92.4,UPTREND,SIGNAL_ONLY_MODE,,,YES,NO,Signal-only mode - no execution
2026-02-20 14:10:03,6912.47,6869.98,6836.33,,BULLISH,,UPTREND,,,,YES,NO,All conditions met
2026-02-20 14:10:06,6912.47,6869.98,6836.33,,BULLISH,92.4,UPTREND,SIGNAL_ONLY_MODE,,,YES,NO,Signal-only mode - no execution
2026-02-20 14:10:06,6912.47,6869.98,6836.33,,BULLISH,,UPTREND,,,,YES,NO,All conditions met
2026-02-20 14:10:08,6912.47,6869.98,6836.33,,BULLISH,92.4,UPTREND,SIGNAL_ONLY_MODE,,,YES,NO,Signal-only mode - no execution
2026-02-20 14:10:08,6912.47,6869.98,6836.33,,BULLISH,,UPTREND,,,,YES,NO,All conditions met
2026-02-20 14:10:10,6912.47,6869.98,6836.33,,BULLISH,92.4,UPTREND,SIGNAL_ONLY_MODE,,,YES,NO,Signal-only mode - no execution
2026-02-20 14:10:10,6912.47,6869.98,6836.33,,BULLISH,,UPTREND,,,,YES,NO,All conditions met
2026-02-20 14:10:13,6912.47,6869.98,6836.33,,BULLISH,92.4,UPTREND,SIGNAL_ONLY_MODE,,,YES,NO,Signal-only mode - no execution
2026-02-20 14:10:13,6912.47,6869.98,6836.33,,BULLISH,,UPTREND,,,,YES,NO,All conditions met
2026-02-20 14:10:15,6912.47,6869.98,6836.33,,BULLISH,92.4,UPTREND,SIGNAL_ONLY_MODE,,,YES,NO,Signal-only mode - no execution
2026-02-20 14:10:15,6912.47,6869.98,6836.33,,BULLISH,,UPTREND,,,,YES,NO,All conditions met
2026-02-20 14:10:17,6912.47,6869.98,6836.33,,BULLISH,92.4,UPTREND,SIGNAL_ONLY_MODE,,,YES,NO,Signal-only mode - no execution
2026-02-20 14:10:17,6912.47,6869.98,6836.33,,BULLISH,,UPTREND,,,,YES,NO,All conditions met
2026-02-20 14:10:20,6912.47,6869.98,6836.33,,BULLISH,92.4,UPTREND,SIGNAL_ONLY_MODE,,,YES,NO,Signal-only mode - no execution
2026-02-20 14:10:20,6912.47,6869.98,6836.33,,BULLISH,,UPTREND,,,,YES,NO,All conditions met
2026-02-20 14:10:22,6912.47,6869.98,6836.33,,BULLISH,92.4,UPTREND,SIGNAL_ONLY_MODE,,,YES,NO,Signal-only mode - no execution
2026-02-20 14:10:22,6912.47,6869.98,6836.33,,BULLISH,,UPTREND,,,,YES,NO,All conditions met
2026-02-20 14:10:24,6912.47,6869.98,6836.33,,BULLISH,92.4,UPTREND,SIGNAL_ONLY_MODE,,,YES,NO,Signal-only mode - no execution
2026-02-20 14:10:24,6912.47,6869.98,6836.33,,BULLISH,,UPTREND,,,,YES,NO,All conditions met
2026-02-20 14:10:27,6912.47,6869.98,6836.33,,BULLISH,92.4,UPTREND,SIGNAL_ONLY_MODE,,,YES,NO,Signal-only mode - no execution
2026-02-20 14:10:27,6912.47,6869.98,6836.33,,BULLISH,,UPTREND,,,,YES,NO,All conditions met
2026-02-20 14:10:29,6912.47,6869.98,6836.33,,BULLISH,92.4,UPTREND,SIGNAL_ONLY_MODE,,,YES,NO,Signal-only mode - no execution
2026-02-20 14:10:29,6912.47,6869.98,6836.33,,BULLISH,,UPTREND,,,,YES,NO,All conditions met
2026-02-20 14:10:31,6912.47,6869.98,6836.33,,BULLISH,92.4,UPTREND,SIGNAL_ONLY_MODE,,,YES,NO,Signal-only mode - no execution
2026-02-20 14:10:31,6912.47,6869.98,6836.33,,BULLISH,,UPTREND,,,,YES,NO,All conditions met
2026-02-20 14:10:34,6912.47,6869.98,6836.33,,BULLISH,92.4,UPTREND,SIGNAL_ONLY_MODE,,,YES,NO,Signal-only mode - no execution
2026-02-20 14:10:34,6912.47,6869.98,6836.33,,BULLISH,,UPTREND,,,,YES,NO,All conditions met
2026-02-20 14:10:36,6912.47,6869.98,6836.33,,BULLISH,92.4,UPTREND,SIGNAL_ONLY_MODE,,,YES,NO,Signal-only mode - no execution
2026-02-20 14:10:36,6912.47,6869.98,6836.33,,BULLISH,,UPTREND,,,,YES,NO,All conditions met
2026-02-20 14:10:38,6912.47,6869.98,6836.33,,BULLISH,92.4,UPTREND,SIGNAL_ONLY_MODE,,,YES,NO,Signal-only mode - no execution
2026-02-20 14:10:38,6912.47,6869.98,6836.33,,BULLISH,,UPTREND,,,,YES,NO,All conditions met
2026-02-20 14:10:41,6912.47,6869.98,6836.33,,BULLISH,92.4,UPTREND,SIGNAL_ONLY_MODE,,,YES,NO,Signal-only mode - no execution
2026-02-20 14:10:41,6912.47,6869.98,6836.33,,BULLISH,,UPTREND,,,,YES,NO,All conditions met
2026-02-20 14:10:43,6912.47,6869.98,6836.33,,BULLISH,92.4,UPTREND,SIGNAL_ONLY_MODE,,,YES,NO,Signal-only mode - no execution
2026-02-20 14:10:43,6912.47,6869.98,6836.33,,BULLISH,,UPTREND,,,,YES,NO,All conditions met
2026-02-20 14:10:45,6912.47,6869.98,6836.33,,BULLISH,92.4,UPTREND,SIGNAL_ONLY_MODE,,,YES,NO,Signal-only mode - no execution
2026-02-20 14:10:45,6912.47,6869.98,6836.33,,BULLISH,,UPTREND,,,,YES,NO,All conditions met
2026-02-20 14:10:48,6912.47,6869.98,6836.33,,BULLISH,92.4,UPTREND,SIGNAL_ONLY_MODE,,,YES,NO,Signal-only mode - no execution
2026-02-20 14:10:48,6912.47,6869.98,6836.33,,BULLISH,,UPTREND,,,,YES,NO,All conditions met
2026-02-20 14:10:50,6912.47,6869.98,6836.33,,BULLISH,92.4,UPTREND,SIGNAL_ONLY_MODE,,,YES,NO,Signal-only mode - no execution
2026-02-20 14:10:50,6912.47,6869.98,6836.33,,BULLISH,,UPTREND,,,,YES,NO,All conditions met
2026-02-20 14:10:52,6912.47,6869.98,6836.33,,BULLISH,92.4,UPTREND,SIGNAL_ONLY_MODE,,,YES,NO,Signal-only mode - no execution
2026-02-20 14:10:52,6912.47,6869.98,6836.33,,BULLISH,,UPTREND,,,,YES,NO,All conditions met
2026-02-20 14:10:55,6912.47,6869.98,6836.33,,BULLISH,92.4,UPTREND,SIGNAL_ONLY_MODE,,,YES,NO,Signal-only mode - no execution
2026-02-20 14:10:55,6912.47,6869.98,6836.33,,BULLISH,,UPTREND,,,,YES,NO,All conditions met
2026-02-20 14:10:57,6912.47,6869.98,6836.33,,BULLISH,92.4,UPTREND,SIGNAL_ONLY_MODE,,,YES,NO,Signal-only mode - no execution
2026-02-20 14:10:57,6912.47,6869.98,6836.33,,BULLISH,,UPTREND,,,,YES,NO,All conditions met
2026-02-20 14:10:59,6912.47,6869.98,6836.33,,BULLISH,92.4,UPTREND,SIGNAL_ONLY_MODE,,,YES,NO,Signal-only mode - no execution
2026-02-20 14:10:59,6912.47,6869.98,6836.33,,BULLISH,,UPTREND,,,,YES,NO,All conditions met
2026-02-20 14:11:03,6912.47,6869.98,6836.33,,BULLISH,92.4,UPTREND,SIGNAL_ONLY_MODE,,,YES,NO,Signal-only mode - no execution
2026-02-20 14:11:03,6912.47,6869.98,6836.33,,BULLISH,,UPTREND,,,,YES,NO,All conditions met
2026-02-20 14:11:05,6912.47,6869.98,6836.33,,BULLISH,92.4,UPTREND,SIGNAL_ONLY_MODE,,,YES,NO,Signal-only mode - no execution
2026-02-20 14:11:05,6912.47,6869.98,6836.33,,BULLISH,,UPTREND,,,,YES,NO,All conditions met
2026-02-20 14:11:07,6912.47,6869.98,6836.33,,BULLISH,92.4,UPTREND,SIGNAL_ONLY_MODE,,,YES,NO,Signal-only mode - no execution
2026-02-20 14:11:07,6912.47,6869.98,6836.33,,BULLISH,,UPTREND,,,,YES,NO,All conditions met
2026-02-20 14:11:10,6912.47,6869.98,6836.33,,BULLISH,92.4,UPTREND,SIGNAL_ONLY_MODE,,,YES,NO,Signal-only mode - no execution
2026-02-20 14:11:10,6912.47,6869.98,6836.33,,BULLISH,,UPTREND,,,,YES,NO,All conditions met
2026-02-20 14:11:12,6912.47,6869.98,6836.33,,BULLISH,92.4,UPTREND,SIGNAL_ONLY_MODE,,,YES,NO,Signal-only mode - no execution
2026-02-20 14:11:12,6912.47,6869.98,6836.33,,BULLISH,,UPTREND,,,,YES,NO,All conditions met
2026-02-20 14:11:14,6912.47,6869.98,6836.33,,BULLISH,92.4,UPTREND,SIGNAL_ONLY_MODE,,,YES,NO,Signal-only mode - no execution
2026-02-20 14:11:14,6912.47,6869.98,6836.33,,BULLISH,,UPTREND,,,,YES,NO,All conditions met
2026-02-20 14:11:17,6912.47,6869.98,6836.33,,BULLISH,92.4,UPTREND,SIGNAL_ONLY_MODE,,,YES,NO,Signal-only mode - no execution
2026-02-20 14:11:17,6912.47,6869.98,6836.33,,BULLISH,,UPTREND,,,,YES,NO,All conditions met
2026-02-20 14:11:19,6912.47,6869.98,6836.33,,BULLISH,92.4,UPTREND,SIGNAL_ONLY_MODE,,,YES,NO,Signal-only mode - no execution
2026-02-20 14:11:19,6912.47,6869.98,6836.33,,BULLISH,,UPTREND,,,,YES,NO,All conditions met
2026-02-20 14:11:21,6912.47,6869.98,6836.33,,BULLISH,92.4,UPTREND,SIGNAL_ONLY_MODE,,,YES,NO,Signal-only mode - no execution
2026-02-20 14:11:21,6912.47,6869.98,6836.33,,BULLISH,,UPTREND,,,,YES,NO,All conditions met
2026-02-20 14:11:23,6912.47,6869.98,6836.33,,BULLISH,92.4,UPTREND,SIGNAL_ONLY_MODE,,,YES,NO,Signal-only mode - no execution
2026-02-20 14:11:23,6912.47,6869.98,6836.33,,BULLISH,,UPTREND,,,,YES,NO,All conditions met
2026-02-20 14:11:26,6912.47,6869.98,6836.33,,BULLISH,92.4,UPTREND,SIGNAL_ONLY_MODE,,,YES,NO,Signal-only mode - no execution
2026-02-20 14:11:26,6912.47,6869.98,6836.33,,BULLISH,,UPTREND,,,,YES,NO,All conditions met
2026-02-20 14:11:28,6912.47,6869.98,6836.33,,BULLISH,92.4,UPTREND,SIGNAL_ONLY_MODE,,,YES,NO,Signal-only mode - no execution
2026-02-20 14:11:28,6912.47,6869.98,6836.33,,BULLISH,,UPTREND,,,,YES,NO,All conditions met
2026-02-20 14:11:30,6912.47,6869.98,6836.33,,BULLISH,92.4,UPTREND,SIGNAL_ONLY_MODE,,,YES,NO,Signal-only mode - no execution
2026-02-20 14:11:30,6912.47,6869.98,6836.33,,BULLISH,,UPTREND,,,,YES,NO,All conditions met
2026-02-20 14:11:33,6912.47,6869.98,6836.33,,BULLISH,92.4,UPTREND,SIGNAL_ONLY_MODE,,,YES,NO,Signal-only mode - no execution
2026-02-20 14:11:33,6912.47,6869.98,6836.33,,BULLISH,,UPTREND,,,,YES,NO,All conditions met
2026-02-20 14:11:35,6912.47,6869.98,6836.33,,BULLISH,92.4,UPTREND,SIGNAL_ONLY_MODE,,,YES,NO,Signal-only mode - no execution
2026-02-20 14:11:35,6912.47,6869.98,6836.33,,BULLISH,,UPTREND,,,,YES,NO,All conditions met
2026-02-20 14:11:38,6912.47,6869.98,6836.33,,BULLISH,92.4,UPTREND,SIGNAL_ONLY_MODE,,,YES,NO,Signal-only mode - no execution
2026-02-20 14:11:38,6912.47,6869.98,6836.33,,BULLISH,,UPTREND,,,,YES,NO,All conditions met
2026-02-20 14:11:40,6912.47,6869.98,6836.33,,BULLISH,92.4,UPTREND,SIGNAL_ONLY_MODE,,,YES,NO,Signal-only mode - no execution
2026-02-20 14:11:40,6912.47,6869.98,6836.33,,BULLISH,,UPTREND,,,,YES,NO,All conditions met
2026-02-20 14:11:43,6912.47,6869.98,6836.33,,BULLISH,92.4,UPTREND,SIGNAL_ONLY_MODE,,,YES,NO,Signal-only mode - no execution
2026-02-20 14:11:43,6912.47,6869.98,6836.33,,BULLISH,,UPTREND,,,,YES,NO,All conditions met
2026-02-20 14:11:45,6912.47,6869.98,6836.33,,BULLISH,92.4,UPTREND,SIGNAL_ONLY_MODE,,,YES,NO,Signal-only mode - no execution
2026-02-20 14:11:45,6912.47,6869.98,6836.33,,BULLISH,,UPTREND,,,,YES,NO,All conditions met
2026-02-20 14:11:47,6912.47,6869.98,6836.33,,BULLISH,92.4,UPTREND,SIGNAL_ONLY_MODE,,,YES,NO,Signal-only mode - no execution
2026-02-20 14:11:47,6912.47,6869.98,6836.33,,BULLISH,,UPTREND,,,,YES,NO,All conditions met
2026-02-20 14:11:50,6912.47,6869.98,6836.33,,BULLISH,92.4,UPTREND,SIGNAL_ONLY_MODE,,,YES,NO,Signal-only mode - no execution
2026-02-20 14:11:50,6912.47,6869.98,6836.33,,BULLISH,,UPTREND,,,,YES,NO,All conditions met
2026-02-20 14:11:52,6912.47,6869.98,6836.33,,BULLISH,92.4,UPTREND,SIGNAL_ONLY_MODE,,,YES,NO,Signal-only mode - no execution
2026-02-20 14:11:52,6912.47,6869.98,6836.33,,BULLISH,,UPTREND,,,,YES,NO,All conditions met
2026-02-20 14:11:54,6912.47,6869.98,6836.33,,BULLISH,92.4,UPTREND,SIGNAL_ONLY_MODE,,,YES,NO,Signal-only mode - no execution
2026-02-20 14:11:54,6912.47,6869.98,6836.33,,BULLISH,,UPTREND,,,,YES,NO,All conditions met
2026-02-20 14:11:57,6912.47,6869.98,6836.33,,BULLISH,92.4,UPTREND,SIGNAL_ONLY_MODE,,,YES,NO,Signal-only mode - no execution
2026-02-20 14:11:57,6912.47,6869.98,6836.33,,BULLISH,,UPTREND,,,,YES,NO,All conditions met
2026-02-20 14:11:59,6912.47,6869.98,6836.33,,BULLISH,92.4,UPTREND,SIGNAL_ONLY_MODE,,,YES,NO,Signal-only mode - no execution
2026-02-20 14:11:59,6912.47,6869.98,6836.33,,BULLISH,,UPTREND,,,,YES,NO,All conditions met
2026-02-20 14:12:01,6912.47,6869.98,6836.33,,BULLISH,92.4,UPTREND,SIGNAL_ONLY_MODE,,,YES,NO,Signal-only mode - no execution
2026-02-20 14:12:01,6912.47,6869.98,6836.33,,BULLISH,,UPTREND,,,,YES,NO,All conditions met
2026-02-20 14:12:03,6912.47,6869.98,6836.33,,BULLISH,92.4,UPTREND,SIGNAL_ONLY_MODE,,,YES,NO,Signal-only mode - no execution
2026-02-20 14:12:03,6912.47,6869.98,6836.33,,BULLISH,,UPTREND,,,,YES,NO,All conditions met
2026-02-20 14:12:06,6912.47,6869.98,6836.33,,BULLISH,92.4,UPTREND,SIGNAL_ONLY_MODE,,,YES,NO,Signal-only mode - no execution
2026-02-20 14:12:06,6912.47,6869.98,6836.33,,BULLISH,,UPTREND,,,,YES,NO,All conditions met
2026-02-20 14:12:08,6912.47,6869.98,6836.33,,BULLISH,92.4,UPTREND,SIGNAL_ONLY_MODE,,,YES,NO,Signal-only mode - no execution
2026-02-20 14:12:08,6912.47,6869.98,6836.33,,BULLISH,,UPTREND,,,,YES,NO,All conditions met
2026-02-20 14:12:10,6912.47,6869.98,6836.33,,BULLISH,92.4,UPTREND,SIGNAL_ONLY_MODE,,,YES,NO,Signal-only mode - no execution
2026-02-20 14:12:10,6912.47,6869.98,6836.33,,BULLISH,,UPTREND,,,,YES,NO,All conditions met
2026-02-20 14:12:14,6912.47,6869.98,6836.33,,BULLISH,92.4,UPTREND,SIGNAL_ONLY_MODE,,,YES,NO,Signal-only mode - no execution
2026-02-20 14:12:14,6912.47,6869.98,6836.33,,BULLISH,,UPTREND,,,,YES,NO,All conditions met
2026-02-20 14:12:16,6912.47,6869.98,6836.33,,BULLISH,92.4,UPTREND,SIGNAL_ONLY_MODE,,,YES,NO,Signal-only mode - no execution
2026-02-20 14:12:16,6912.47,6869.98,6836.33,,BULLISH,,UPTREND,,,,YES,NO,All conditions met
2026-02-20 14:12:18,6912.47,6869.98,6836.33,,BULLISH,92.4,UPTREND,SIGNAL_ONLY_MODE,,,YES,NO,Signal-only mode - no execution
2026-02-20 14:12:18,6912.47,6869.98,6836.33,,BULLISH,,UPTREND,,,,YES,NO,All conditions met
2026-02-20 14:12:21,6912.47,6869.98,6836.33,,BULLISH,92.4,UPTREND,SIGNAL_ONLY_MODE,,,YES,NO,Signal-only mode - no execution
2026-02-20 14:12:21,6912.47,6869.98,6836.33,,BULLISH,,UPTREND,,,,YES,NO,All conditions met
2026-02-20 14:12:23,6912.47,6869.98,6836.33,,BULLISH,92.4,UPTREND,SIGNAL_ONLY_MODE,,,YES,NO,Signal-only mode - no execution
2026-02-20 14:12:23,6912.47,6869.98,6836.33,,BULLISH,,UPTREND,,,,YES,NO,All conditions met
2026-02-20 14:12:25,6912.47,6869.98,6836.33,,BULLISH,92.4,UPTREND,SIGNAL_ONLY_MODE,,,YES,NO,Signal-only mode - no execution
2026-02-20 14:12:25,6912.47,6869.98,6836.33,,BULLISH,,UPTREND,,,,YES,NO,All conditions met
2026-02-20 14:12:28,6912.47,6869.98,6836.33,,BULLISH,92.4,UPTREND,SIGNAL_ONLY_MODE,,,YES,NO,Signal-only mode - no execution
2026-02-20 14:12:28,6912.47,6869.98,6836.33,,BULLISH,,UPTREND,,,,YES,NO,All conditions met
2026-02-20 14:12:30,6912.47,6869.98,6836.33,,BULLISH,92.4,UPTREND,SIGNAL_ONLY_MODE,,,YES,NO,Signal-only mode - no execution
2026-02-20 14:12:30,6912.47,6869.98,6836.33,,BULLISH,,UPTREND,,,,YES,NO,All conditions met
2026-02-20 14:12:32,6912.47,6869.98,6836.33,,BULLISH,92.4,UPTREND,SIGNAL_ONLY_MODE,,,YES,NO,Signal-only mode - no execution
2026-02-20 14:12:32,6912.47,6869.98,6836.33,,BULLISH,,UPTREND,,,,YES,NO,All conditions met
2026-02-20 14:12:35,6912.47,6869.98,6836.33,,BULLISH,92.4,UPTREND,SIGNAL_ONLY_MODE,,,YES,NO,Signal-only mode - no execution
2026-02-20 14:12:35,6912.47,6869.98,6836.33,,BULLISH,,UPTREND,,,,YES,NO,All conditions met
2026-02-20 14:12:37,6912.47,6869.98,6836.33,,BULLISH,92.4,UPTREND,SIGNAL_ONLY_MODE,,,YES,NO,Signal-only mode - no execution
2026-02-20 14:12:37,6912.47,6869.98,6836.33,,BULLISH,,UPTREND,,,,YES,NO,All conditions met
2026-02-20 14:12:39,6912.47,6869.98,6836.33,,BULLISH,92.4,UPTREND,SIGNAL_ONLY_MODE,,,YES,NO,Signal-only mode - no execution
2026-02-20 14:12:39,6912.47,6869.98,6836.33,,BULLISH,,UPTREND,,,,YES,NO,All conditions met
2026-02-20 14:12:41,6912.47,6869.98,6836.33,,BULLISH,92.4,UPTREND,SIGNAL_ONLY_MODE,,,YES,NO,Signal-only mode - no execution
2026-02-20 14:12:41,6912.47,6869.98,6836.33,,BULLISH,,UPTREND,,,,YES,NO,All conditions met
2026-02-20 14:12:44,6912.47,6869.98,6836.33,,BULLISH,92.4,UPTREND,SIGNAL_ONLY_MODE,,,YES,NO,Signal-only mode - no execution
2026-02-20 14:12:44,6912.47,6869.98,6836.33,,BULLISH,,UPTREND,,,,YES,NO,All conditions met
2026-02-20 14:12:46,6912.47,6869.98,6836.33,,BULLISH,92.4,UPTREND,SIGNAL_ONLY_MODE,,,YES,NO,Signal-only mode - no execution
2026-02-20 14:12:46,6912.47,6869.98,6836.33,,BULLISH,,UPTREND,,,,YES,NO,All conditions met
2026-02-20 14:12:48,6912.47,6869.98,6836.33,,BULLISH,92.4,UPTREND,SIGNAL_ONLY_MODE,,,YES,NO,Signal-only mode - no execution
2026-02-20 14:12:48,6912.47,6869.98,6836.33,,BULLISH,,UPTREND,,,,YES,NO,All conditions met
2026-02-20 14:12:51,6912.47,6869.98,6836.33,,BULLISH,92.4,UPTREND,SIGNAL_ONLY_MODE,,,YES,NO,Signal-only mode - no execution
2026-02-20 14:12:51,6912.47,6869.98,6836.33,,BULLISH,,UPTREND,,,,YES,NO,All conditions met
2026-02-20 14:12:53,6912.47,6869.98,6836.33,,BULLISH,92.4,UPTREND,SIGNAL_ONLY_MODE,,,YES,NO,Signal-only mode - no execution
2026-02-20 14:12:53,6912.47,6869.98,6836.33,,BULLISH,,UPTREND,,,,YES,NO,All conditions met
2026-02-20 14:12:55,6912.47,6869.98,6836.33,,BULLISH,92.4,UPTREND,SIGNAL_ONLY_MODE,,,YES,NO,Signal-only mode - no execution
2026-02-20 14:12:55,6912.47,6869.98,6836.33,,BULLISH,,UPTREND,,,,YES,NO,All conditions met
2026-02-20 14:12:58,6912.47,6869.98,6836.33,,BULLISH,92.4,UPTREND,SIGNAL_ONLY_MODE,,,YES,NO,Signal-only mode - no execution
2026-02-20 14:12:58,6912.47,6869.98,6836.33,,BULLISH,,UPTREND,,,,YES,NO,All conditions met
2026-02-20 14:13:00,6912.47,6869.98,6836.33,,BULLISH,92.4,UPTREND,SIGNAL_ONLY_MODE,,,YES,NO,Signal-only mode - no execution
2026-02-20 14:13:00,6912.47,6869.98,6836.33,,BULLISH,,UPTREND,,,,YES,NO,All conditions met
2026-02-20 14:13:02,6912.47,6869.98,6836.33,,BULLISH,92.4,UPTREND,SIGNAL_ONLY_MODE,,,YES,NO,Signal-only mode - no execution
2026-02-20 14:13:02,6912.47,6869.98,6836.33,,BULLISH,,UPTREND,,,,YES,NO,All conditions met
2026-02-20 14:13:05,6912.47,6869.98,6836.33,,BULLISH,92.4,UPTREND,SIGNAL_ONLY_MODE,,,YES,NO,Signal-only mode - no execution
2026-02-20 14:13:05,6912.47,6869.98,6836.33,,BULLISH,,UPTREND,,,,YES,NO,All conditions met
2026-02-20 14:13:07,6912.47,6869.98,6836.33,,BULLISH,92.4,UPTREND,SIGNAL_ONLY_MODE,,,YES,NO,Signal-only mode - no execution
2026-02-20 14:13:07,6912.47,6869.98,6836.33,,BULLISH,,UPTREND,,,,YES,NO,All conditions met
2026-02-20 14:13:09,6912.47,6869.98,6836.33,,BULLISH,92.4,UPTREND,SIGNAL_ONLY_MODE,,,YES,NO,Signal-only mode - no execution
2026-02-20 14:13:09,6912.47,6869.98,6836.33,,BULLISH,,UPTREND,,,,YES,NO,All conditions met
2026-02-20 14:13:12,6912.47,6869.98,6836.33,,BULLISH,92.4,UPTREND,SIGNAL_ONLY_MODE,,,YES,NO,Signal-only mode - no execution
2026-02-20 14:13:12,6912.47,6869.98,6836.33,,BULLISH,,UPTREND,,,,YES,NO,All conditions met
2026-02-20 14:13:14,6912.47,6869.98,6836.33,,BULLISH,92.4,UPTREND,SIGNAL_ONLY_MODE,,,YES,NO,Signal-only mode - no execution
2026-02-20 14:13:14,6912.47,6869.98,6836.33,,BULLISH,,UPTREND,,,,YES,NO,All conditions met
2026-02-20 14:13:16,6912.47,6869.98,6836.33,,BULLISH,92.4,UPTREND,SIGNAL_ONLY_MODE,,,YES,NO,Signal-only mode - no execution
2026-02-20 14:13:16,6912.47,6869.98,6836.33,,BULLISH,,UPTREND,,,,YES,NO,All conditions met
2026-02-20 14:13:19,6912.47,6869.98,6836.33,,BULLISH,92.4,UPTREND,SIGNAL_ONLY_MODE,,,YES,NO,Signal-only mode - no execution
2026-02-20 14:13:19,6912.47,6869.98,6836.33,,BULLISH,,UPTREND,,,,YES,NO,All conditions met
2026-02-20 14:13:21,6912.47,6869.98,6836.33,,BULLISH,92.4,UPTREND,SIGNAL_ONLY_MODE,,,YES,NO,Signal-only mode - no execution
2026-02-20 14:13:21,6912.47,6869.98,6836.33,,BULLISH,,UPTREND,,,,YES,NO,All conditions met
2026-02-20 14:13:24,6912.47,6869.98,6836.33,,BULLISH,92.4,UPTREND,SIGNAL_ONLY_MODE,,,YES,NO,Signal-only mode - no execution
2026-02-20 14:13:24,6912.47,6869.98,6836.33,,BULLISH,,UPTREND,,,,YES,NO,All conditions met
2026-02-20 14:13:27,6912.47,6869.98,6836.33,,BULLISH,92.4,UPTREND,SIGNAL_ONLY_MODE,,,YES,NO,Signal-only mode - no execution
2026-02-20 14:13:27,6912.47,6869.98,6836.33,,BULLISH,,UPTREND,,,,YES,NO,All conditions met
2026-02-20 14:13:29,6912.47,6869.98,6836.33,,BULLISH,92.4,UPTREND,SIGNAL_ONLY_MODE,,,YES,NO,Signal-only mode - no execution
2026-02-20 14:13:29,6912.47,6869.98,6836.33,,BULLISH,,UPTREND,,,,YES,NO,All conditions met
2026-02-20 14:13:31,6912.47,6869.98,6836.33,,BULLISH,92.4,UPTREND,SIGNAL_ONLY_MODE,,,YES,NO,Signal-only mode - no execution
2026-02-20 14:13:31,6912.47,6869.98,6836.33,,BULLISH,,UPTREND,,,,YES,NO,All conditions met
2026-02-20 14:13:34,6912.47,6869.98,6836.33,,BULLISH,92.4,UPTREND,SIGNAL_ONLY_MODE,,,YES,NO,Signal-only mode - no execution
2026-02-20 14:13:34,6912.47,6869.98,6836.33,,BULLISH,,UPTREND,,,,YES,NO,All conditions met
2026-02-20 14:13:36,6912.47,6869.98,6836.33,,BULLISH,92.4,UPTREND,SIGNAL_ONLY_MODE,,,YES,NO,Signal-only mode - no execution
2026-02-20 14:13:36,6912.47,6869.98,6836.33,,BULLISH,,UPTREND,,,,YES,NO,All conditions met
2026-02-20 14:13:38,6912.47,6869.98,6836.33,,BULLISH,92.4,UPTREND,SIGNAL_ONLY_MODE,,,YES,NO,Signal-only mode - no execution
2026-02-20 14:13:38,6912.47,6869.98,6836.33,,BULLISH,,UPTREND,,,,YES,NO,All conditions met
2026-02-20 14:13:41,6912.47,6869.98,6836.33,,BULLISH,92.4,UPTREND,SIGNAL_ONLY_MODE,,,YES,NO,Signal-only mode - no execution
2026-02-20 14:13:41,6912.47,6869.98,6836.33,,BULLISH,,UPTREND,,,,YES,NO,All conditions met
2026-02-20 14:13:43,6912.47,6869.98,6836.33,,BULLISH,92.4,UPTREND,SIGNAL_ONLY_MODE,,,YES,NO,Signal-only mode - no execution
2026-02-20 14:13:43,6912.47,6869.98,6836.33,,BULLISH,,UPTREND,,,,YES,NO,All conditions met
2026-02-20 14:13:45,6912.47,6869.98,6836.33,,BULLISH,92.4,UPTREND,SIGNAL_ONLY_MODE,,,YES,NO,Signal-only mode - no execution
2026-02-20 14:13:45,6912.47,6869.98,6836.33,,BULLISH,,UPTREND,,,,YES,NO,All conditions met
2026-02-20 14:13:48,6912.47,6869.98,6836.33,,BULLISH,92.4,UPTREND,SIGNAL_ONLY_MODE,,,YES,NO,Signal-only mode - no execution
2026-02-20 14:13:48,6912.47,6869.98,6836.33,,BULLISH,,UPTREND,,,,YES,NO,All conditions met
2026-02-20 14:13:50,6912.47,6869.98,6836.33,,BULLISH,92.4,UPTREND,SIGNAL_ONLY_MODE,,,YES,NO,Signal-only mode - no execution
2026-02-20 14:13:50,6912.47,6869.98,6836.33,,BULLISH,,UPTREND,,,,YES,NO,All conditions met
2026-02-20 14:13:52,6912.47,6869.98,6836.33,,BULLISH,92.4,UPTREND,SIGNAL_ONLY_MODE,,,YES,NO,Signal-only mode - no execution
2026-02-20 14:13:52,6912.47,6869.98,6836.33,,BULLISH,,UPTREND,,,,YES,NO,All conditions met
2026-02-20 14:13:55,6912.47,6869.98,6836.33,,BULLISH,92.4,UPTREND,SIGNAL_ONLY_MODE,,,YES,NO,Signal-only mode - no execution
2026-02-20 14:13:55,6912.47,6869.98,6836.33,,BULLISH,,UPTREND,,,,YES,NO,All conditions met
2026-02-20 14:13:57,6912.47,6869.98,6836.33,,BULLISH,92.4,UPTREND,SIGNAL_ONLY_MODE,,,YES,NO,Signal-only mode - no execution
2026-02-20 14:13:57,6912.47,6869.98,6836.33,,BULLISH,,UPTREND,,,,YES,NO,All conditions met
2026-02-20 14:13:59,6912.47,6869.98,6836.33,,BULLISH,92.4,UPTREND,SIGNAL_ONLY_MODE,,,YES,NO,Signal-only mode - no execution
2026-02-20 14:13:59,6912.47,6869.98,6836.33,,BULLISH,,UPTREND,,,,YES,NO,All conditions met
2026-02-20 14:14:01,6912.47,6869.98,6836.33,,BULLISH,92.4,UPTREND,SIGNAL_ONLY_MODE,,,YES,NO,Signal-only mode - no execution
2026-02-20 14:14:01,6912.47,6869.98,6836.33,,BULLISH,,UPTREND,,,,YES,NO,All conditions met
2026-02-20 14:14:04,6912.47,6869.98,6836.33,,BULLISH,92.4,UPTREND,SIGNAL_ONLY_MODE,,,YES,NO,Signal-only mode - no execution
2026-02-20 14:14:04,6912.47,6869.98,6836.33,,BULLISH,,UPTREND,,,,YES,NO,All conditions met
2026-02-20 14:14:06,6912.47,6869.98,6836.33,,BULLISH,92.4,UPTREND,SIGNAL_ONLY_MODE,,,YES,NO,Signal-only mode - no execution
2026-02-20 14:14:06,6912.47,6869.98,6836.33,,BULLISH,,UPTREND,,,,YES,NO,All conditions met
2026-02-20 14:14:08,6912.47,6869.98,6836.33,,BULLISH,92.4,UPTREND,SIGNAL_ONLY_MODE,,,YES,NO,Signal-only mode - no execution
2026-02-20 14:14:08,6912.47,6869.98,6836.33,,BULLISH,,UPTREND,,,,YES,NO,All conditions met
2026-02-20 14:14:11,6912.47,6869.98,6836.33,,BULLISH,92.4,UPTREND,SIGNAL_ONLY_MODE,,,YES,NO,Signal-only mode - no execution
2026-02-20 14:14:11,6912.47,6869.98,6836.33,,BULLISH,,UPTREND,,,,YES,NO,All conditions met
2026-02-20 14:14:13,6912.47,6869.98,6836.33,,BULLISH,92.4,UPTREND,SIGNAL_ONLY_MODE,,,YES,NO,Signal-only mode - no execution
2026-02-20 14:14:13,6912.47,6869.98,6836.33,,BULLISH,,UPTREND,,,,YES,NO,All conditions met
2026-02-20 14:14:15,6912.47,6869.98,6836.33,,BULLISH,92.4,UPTREND,SIGNAL_ONLY_MODE,,,YES,NO,Signal-only mode - no execution
2026-02-20 14:14:15,6912.47,6869.98,6836.33,,BULLISH,,UPTREND,,,,YES,NO,All conditions met
2026-02-20 14:14:18,6912.47,6869.98,6836.33,,BULLISH,92.4,UPTREND,SIGNAL_ONLY_MODE,,,YES,NO,Signal-only mode - no execution
2026-02-20 14:14:18,6912.47,6869.98,6836.33,,BULLISH,,UPTREND,,,,YES,NO,All conditions met
2026-02-20 14:14:20,6912.47,6869.98,6836.33,,BULLISH,92.4,UPTREND,SIGNAL_ONLY_MODE,,,YES,NO,Signal-only mode - no execution
2026-02-20 14:14:20,6912.47,6869.98,6836.33,,BULLISH,,UPTREND,,,,YES,NO,All conditions met
2026-02-20 14:14:22,6912.47,6869.98,6836.33,,BULLISH,92.4,UPTREND,SIGNAL_ONLY_MODE,,,YES,NO,Signal-only mode - no execution
2026-02-20 14:14:22,6912.47,6869.98,6836.33,,BULLISH,,UPTREND,,,,YES,NO,All conditions met
2026-02-20 14:14:25,6912.47,6869.98,6836.33,,BULLISH,92.4,UPTREND,SIGNAL_ONLY_MODE,,,YES,NO,Signal-only mode - no execution
2026-02-20 14:14:25,6912.47,6869.98,6836.33,,BULLISH,,UPTREND,,,,YES,NO,All conditions met
2026-02-20 14:14:27,6912.47,6869.98,6836.33,,BULLISH,92.4,UPTREND,SIGNAL_ONLY_MODE,,,YES,NO,Signal-only mode - no execution
2026-02-20 14:14:27,6912.47,6869.98,6836.33,,BULLISH,,UPTREND,,,,YES,NO,All conditions met
2026-02-20 14:14:29,6912.47,6869.98,6836.33,,BULLISH,92.4,UPTREND,SIGNAL_ONLY_MODE,,,YES,NO,Signal-only mode - no execution
2026-02-20 14:14:29,6912.47,6869.98,6836.33,,BULLISH,,UPTREND,,,,YES,NO,All conditions met
2026-02-20 14:14:32,6912.47,6869.98,6836.33,,BULLISH,92.4,UPTREND,SIGNAL_ONLY_MODE,,,YES,NO,Signal-only mode - no execution
2026-02-20 14:14:32,6912.47,6869.98,6836.33,,BULLISH,,UPTREND,,,,YES,NO,All conditions met
2026-02-20 14:14:35,6912.47,6869.98,6836.33,,BULLISH,92.4,UPTREND,SIGNAL_ONLY_MODE,,,YES,NO,Signal-only mode - no execution
2026-02-20 14:14:35,6912.47,6869.98,6836.33,,BULLISH,,UPTREND,,,,YES,NO,All conditions met
2026-02-20 14:14:37,6912.47,6869.98,6836.33,,BULLISH,92.4,UPTREND,SIGNAL_ONLY_MODE,,,YES,NO,Signal-only mode - no execution
2026-02-20 14:14:37,6912.47,6869.98,6836.33,,BULLISH,,UPTREND,,,,YES,NO,All conditions met
2026-02-20 14:14:40,6912.47,6869.98,6836.33,,BULLISH,92.4,UPTREND,SIGNAL_ONLY_MODE,,,YES,NO,Signal-only mode - no execution
2026-02-20 14:14:40,6912.47,6869.98,6836.33,,BULLISH,,UPTREND,,,,YES,NO,All conditions met
2026-02-20 14:14:42,6912.47,6869.98,6836.33,,BULLISH,92.4,UPTREND,SIGNAL_ONLY_MODE,,,YES,NO,Signal-only mode - no execution
2026-02-20 14:14:42,6912.47,6869.98,6836.33,,BULLISH,,UPTREND,,,,YES,NO,All conditions met
2026-02-20 14:14:44,6912.47,6869.98,6836.33,,BULLISH,92.4,UPTREND,SIGNAL_ONLY_MODE,,,YES,NO,Signal-only mode - no execution
2026-02-20 14:14:44,6912.47,6869.98,6836.33,,BULLISH,,UPTREND,,,,YES,NO,All conditions met
2026-02-20 14:14:46,6912.47,6869.98,6836.33,,BULLISH,92.4,UPTREND,SIGNAL_ONLY_MODE,,,YES,NO,Signal-only mode - no execution
2026-02-20 14:14:46,6912.47,6869.98,6836.33,,BULLISH,,UPTREND,,,,YES,NO,All conditions met
2026-02-20 14:14:49,6912.47,6869.98,6836.33,,BULLISH,92.4,UPTREND,SIGNAL_ONLY_MODE,,,YES,NO,Signal-only mode - no execution
2026-02-20 14:14:49,6912.47,6869.98,6836.33,,BULLISH,,UPTREND,,,,YES,NO,All conditions met
2026-02-20 14:14:51,6912.47,6869.98,6836.33,,BULLISH,92.4,UPTREND,SIGNAL_ONLY_MODE,,,YES,NO,Signal-only mode - no execution
2026-02-20 14:14:51,6912.47,6869.98,6836.33,,BULLISH,,UPTREND,,,,YES,NO,All conditions met
2026-02-20 14:14:53,6912.47,6869.98,6836.33,,BULLISH,92.4,UPTREND,SIGNAL_ONLY_MODE,,,YES,NO,Signal-only mode - no execution
2026-02-20 14:14:53,6912.47,6869.98,6836.33,,BULLISH,,UPTREND,,,,YES,NO,All conditions met
2026-02-20 14:14:56,6912.47,6869.98,6836.33,,BULLISH,92.4,UPTREND,SIGNAL_ONLY_MODE,,,YES,NO,Signal-only mode - no execution
2026-02-20 14:14:56,6912.47,6869.98,6836.33,,BULLISH,,UPTREND,,,,YES,NO,All conditions met
2026-02-20 14:14:58,6912.47,6869.98,6836.33,,BULLISH,92.4,UPTREND,SIGNAL_ONLY_MODE,,,YES,NO,Signal-only mode - no execution
2026-02-20 14:14:58,6912.47,6869.98,6836.33,,BULLISH,,UPTREND,,,,YES,NO,All conditions met
2026-02-20 14:15:00,6912.47,6869.98,6836.33,,BULLISH,92.4,UPTREND,SIGNAL_ONLY_MODE,,,YES,NO,Signal-only mode - no execution
2026-02-20 14:15:00,6912.47,6869.98,6836.33,,BULLISH,,UPTREND,,,,YES,NO,All conditions met
2026-02-20 14:15:03,6912.47,6869.98,6836.33,,BULLISH,92.4,UPTREND,SIGNAL_ONLY_MODE,,,YES,NO,Signal-only mode - no execution
2026-02-20 14:15:03,6912.47,6869.98,6836.33,,BULLISH,,UPTREND,,,,YES,NO,All conditions met
2026-02-20 14:15:05,6912.47,6869.98,6836.33,,BULLISH,92.4,UPTREND,SIGNAL_ONLY_MODE,,,YES,NO,Signal-only mode - no execution
2026-02-20 14:15:05,6912.47,6869.98,6836.33,,BULLISH,,UPTREND,,,,YES,NO,All conditions met
2026-02-20 14:15:07,6912.47,6869.98,6836.33,,BULLISH,92.4,UPTREND,SIGNAL_ONLY_MODE,,,YES,NO,Signal-only mode - no execution
2026-02-20 14:15:07,6912.47,6869.98,6836.33,,BULLISH,,UPTREND,,,,YES,NO,All conditions met
2026-02-20 14:15:10,6912.47,6869.98,6836.33,,BULLISH,92.4,UPTREND,SIGNAL_ONLY_MODE,,,YES,NO,Signal-only mode - no execution
2026-02-20 14:15:10,6912.47,6869.98,6836.33,,BULLISH,,UPTREND,,,,YES,NO,All conditions met
2026-02-20 14:15:12,6912.47,6869.98,6836.33,,BULLISH,92.4,UPTREND,SIGNAL_ONLY_MODE,,,YES,NO,Signal-only mode - no execution
2026-02-20 14:15:12,6912.47,6869.98,6836.33,,BULLISH,,UPTREND,,,,YES,NO,All conditions met
2026-02-20 14:15:14,6912.47,6869.98,6836.33,,BULLISH,92.4,UPTREND,SIGNAL_ONLY_MODE,,,YES,NO,Signal-only mode - no execution
2026-02-20 14:15:14,6912.47,6869.98,6836.33,,BULLISH,,UPTREND,,,,YES,NO,All conditions met
2026-02-20 14:15:17,6912.47,6869.98,6836.33,,BULLISH,92.4,UPTREND,SIGNAL_ONLY_MODE,,,YES,NO,Signal-only mode - no execution
2026-02-20 14:15:17,6912.47,6869.98,6836.33,,BULLISH,,UPTREND,,,,YES,NO,All conditions met
2026-02-20 14:15:19,6912.47,6869.98,6836.33,,BULLISH,92.4,UPTREND,SIGNAL_ONLY_MODE,,,YES,NO,Signal-only mode - no execution
2026-02-20 14:15:19,6912.47,6869.98,6836.33,,BULLISH,,UPTREND,,,,YES,NO,All conditions met
2026-02-20 14:15:21,6912.47,6869.98,6836.33,,BULLISH,92.4,UPTREND,SIGNAL_ONLY_MODE,,,YES,NO,Signal-only mode - no execution
2026-02-20 14:15:21,6912.47,6869.98,6836.33,,BULLISH,,UPTREND,,,,YES,NO,All conditions met
2026-02-20 14:15:24,6912.47,6869.98,6836.33,,BULLISH,92.4,UPTREND,SIGNAL_ONLY_MODE,,,YES,NO,Signal-only mode - no execution
2026-02-20 14:15:24,6912.47,6869.98,6836.33,,BULLISH,,UPTREND,,,,YES,NO,All conditions met
2026-02-20 14:15:26,6912.47,6869.98,6836.33,,BULLISH,92.4,UPTREND,SIGNAL_ONLY_MODE,,,YES,NO,Signal-only mode - no execution
2026-02-20 14:15:26,6912.47,6869.98,6836.33,,BULLISH,,UPTREND,,,,YES,NO,All conditions met
2026-02-20 14:15:28,6912.47,6869.98,6836.33,,BULLISH,92.4,UPTREND,SIGNAL_ONLY_MODE,,,YES,NO,Signal-only mode - no execution
2026-02-20 14:15:28,6912.47,6869.98,6836.33,,BULLISH,,UPTREND,,,,YES,NO,All conditions met
2026-02-20 14:15:31,6912.47,6869.98,6836.33,,BULLISH,92.4,UPTREND,SIGNAL_ONLY_MODE,,,YES,NO,Signal-only mode - no execution
2026-02-20 14:15:31,6912.47,6869.98,6836.33,,BULLISH,,UPTREND,,,,YES,NO,All conditions met
2026-02-20 14:15:33,6912.47,6869.98,6836.33,,BULLISH,92.4,UPTREND,SIGNAL_ONLY_MODE,,,YES,NO,Signal-only mode - no execution
2026-02-20 14:15:33,6912.47,6869.98,6836.33,,BULLISH,,UPTREND,,,,YES,NO,All conditions met
2026-02-20 14:15:35,6912.47,6869.98,6836.33,,BULLISH,92.4,UPTREND,SIGNAL_ONLY_MODE,,,YES,NO,Signal-only mode - no execution
2026-02-20 14:15:35,6912.47,6869.98,6836.33,,BULLISH,,UPTREND,,,,YES,NO,All conditions met
2026-02-20 14:15:38,6912.47,6869.98,6836.33,,BULLISH,92.4,UPTREND,SIGNAL_ONLY_MODE,,,YES,NO,Signal-only mode - no execution
2026-02-20 14:15:38,6912.47,6869.98,6836.33,,BULLISH,,UPTREND,,,,YES,NO,All conditions met
2026-02-20 14:15:40,6912.47,6869.98,6836.33,,BULLISH,92.4,UPTREND,SIGNAL_ONLY_MODE,,,YES,NO,Signal-only mode - no execution
2026-02-20 14:15:40,6912.47,6869.98,6836.33,,BULLISH,,UPTREND,,,,YES,NO,All conditions met
2026-02-20 14:15:42,6912.47,6869.98,6836.33,,BULLISH,92.4,UPTREND,SIGNAL_ONLY_MODE,,,YES,NO,Signal-only mode - no execution
2026-02-20 14:15:42,6912.47,6869.98,6836.33,,BULLISH,,UPTREND,,,,YES,NO,All conditions met
2026-02-20 14:15:45,6912.47,6869.98,6836.33,,BULLISH,92.4,UPTREND,SIGNAL_ONLY_MODE,,,YES,NO,Signal-only mode - no execution
2026-02-20 14:15:45,6912.47,6869.98,6836.33,,BULLISH,,UPTREND,,,,YES,NO,All conditions met
2026-02-20 14:15:48,6912.47,6869.98,6836.33,,BULLISH,92.4,UPTREND,SIGNAL_ONLY_MODE,,,YES,NO,Signal-only mode - no execution
2026-02-20 14:15:48,6912.47,6869.98,6836.33,,BULLISH,,UPTREND,,,,YES,NO,All conditions met
2026-02-20 14:15:50,6912.47,6869.98,6836.33,,BULLISH,92.4,UPTREND,SIGNAL_ONLY_MODE,,,YES,NO,Signal-only mode - no execution
2026-02-20 14:15:50,6912.47,6869.98,6836.33,,BULLISH,,UPTREND,,,,YES,NO,All conditions met
2026-02-20 14:15:52,6912.47,6869.98,6836.33,,BULLISH,92.4,UPTREND,SIGNAL_ONLY_MODE,,,YES,NO,Signal-only mode - no execution
2026-02-20 14:15:52,6912.47,6869.98,6836.33,,BULLISH,,UPTREND,,,,YES,NO,All conditions met
2026-02-20 14:15:55,6912.47,6869.98,6836.33,,BULLISH,92.4,UPTREND,SIGNAL_ONLY_MODE,,,YES,NO,Signal-only mode - no execution
2026-02-20 14:15:55,6912.47,6869.98,6836.33,,BULLISH,,UPTREND,,,,YES,NO,All conditions met
2026-02-20 14:15:57,6912.47,6869.98,6836.33,,BULLISH,92.4,UPTREND,SIGNAL_ONLY_MODE,,,YES,NO,Signal-only mode - no execution
2026-02-20 14:15:57,6912.47,6869.98,6836.33,,BULLISH,,UPTREND,,,,YES,NO,All conditions met
2026-02-20 14:15:59,6912.47,6869.98,6836.33,,BULLISH,92.4,UPTREND,SIGNAL_ONLY_MODE,,,YES,NO,Signal-only mode - no execution
2026-02-20 14:15:59,6912.47,6869.98,6836.33,,BULLISH,,UPTREND,,,,YES,NO,All conditions met
2026-02-20 14:16:02,6912.47,6869.98,6836.33,,BULLISH,92.4,UPTREND,SIGNAL_ONLY_MODE,,,YES,NO,Signal-only mode - no execution
2026-02-20 14:16:02,6912.47,6869.98,6836.33,,BULLISH,,UPTREND,,,,YES,NO,All conditions met
2026-02-20 14:16:04,6912.47,6869.98,6836.33,,BULLISH,92.4,UPTREND,SIGNAL_ONLY_MODE,,,YES,NO,Signal-only mode - no execution
2026-02-20 14:16:04,6912.47,6869.98,6836.33,,BULLISH,,UPTREND,,,,YES,NO,All conditions met
2026-02-20 14:16:06,6912.47,6869.98,6836.33,,BULLISH,92.4,UPTREND,SIGNAL_ONLY_MODE,,,YES,NO,Signal-only mode - no execution
2026-02-20 14:16:06,6912.47,6869.98,6836.33,,BULLISH,,UPTREND,,,,YES,NO,All conditions met
2026-02-20 14:16:09,6912.47,6869.98,6836.33,,BULLISH,92.4,UPTREND,SIGNAL_ONLY_MODE,,,YES,NO,Signal-only mode - no execution
2026-02-20 14:16:09,6912.47,6869.98,6836.33,,BULLISH,,UPTREND,,,,YES,NO,All conditions met
2026-02-20 14:16:11,6912.47,6869.98,6836.33,,BULLISH,92.4,UPTREND,SIGNAL_ONLY_MODE,,,YES,NO,Signal-only mode - no execution
2026-02-20 14:16:11,6912.47,6869.98,6836.33,,BULLISH,,UPTREND,,,,YES,NO,All conditions met
2026-02-20 14:16:13,6912.47,6869.98,6836.33,,BULLISH,92.4,UPTREND,SIGNAL_ONLY_MODE,,,YES,NO,Signal-only mode - no execution
2026-02-20 14:16:13,6912.47,6869.98,6836.33,,BULLISH,,UPTREND,,,,YES,NO,All conditions met
2026-02-20 14:16:16,6912.47,6869.98,6836.33,,BULLISH,92.4,UPTREND,SIGNAL_ONLY_MODE,,,YES,NO,Signal-only mode - no execution
2026-02-20 14:16:16,6912.47,6869.98,6836.33,,BULLISH,,UPTREND,,,,YES,NO,All conditions met
2026-02-20 14:16:18,6912.47,6869.98,6836.33,,BULLISH,92.4,UPTREND,SIGNAL_ONLY_MODE,,,YES,NO,Signal-only mode - no execution
2026-02-20 14:16:18,6912.47,6869.98,6836.33,,BULLISH,,UPTREND,,,,YES,NO,All conditions met
2026-02-20 14:16:20,6912.47,6869.98,6836.33,,BULLISH,92.4,UPTREND,SIGNAL_ONLY_MODE,,,YES,NO,Signal-only mode - no execution
2026-02-20 14:16:20,6912.47,6869.98,6836.33,,BULLISH,,UPTREND,,,,YES,NO,All conditions met
2026-02-20 14:16:23,6912.47,6869.98,6836.33,,BULLISH,92.4,UPTREND,SIGNAL_ONLY_MODE,,,YES,NO,Signal-only mode - no execution
2026-02-20 14:16:23,6912.47,6869.98,6836.33,,BULLISH,,UPTREND,,,,YES,NO,All conditions met
2026-02-20 14:16:25,6912.47,6869.98,6836.33,,BULLISH,92.4,UPTREND,SIGNAL_ONLY_MODE,,,YES,NO,Signal-only mode - no execution
2026-02-20 14:16:25,6912.47,6869.98,6836.33,,BULLISH,,UPTREND,,,,YES,NO,All conditions met
2026-02-20 14:16:27,6912.47,6869.98,6836.33,,BULLISH,92.4,UPTREND,SIGNAL_ONLY_MODE,,,YES,NO,Signal-only mode - no execution
2026-02-20 14:16:27,6912.47,6869.98,6836.33,,BULLISH,,UPTREND,,,,YES,NO,All conditions met
2026-02-20 14:16:30,6912.47,6869.98,6836.33,,BULLISH,92.4,UPTREND,SIGNAL_ONLY_MODE,,,YES,NO,Signal-only mode - no execution
2026-02-20 14:16:30,6912.47,6869.98,6836.33,,BULLISH,,UPTREND,,,,YES,NO,All conditions met
2026-02-20 14:16:32,6912.47,6869.98,6836.33,,BULLISH,92.4,UPTREND,SIGNAL_ONLY_MODE,,,YES,NO,Signal-only mode - no execution
2026-02-20 14:16:32,6912.47,6869.98,6836.33,,BULLISH,,UPTREND,,,,YES,NO,All conditions met
2026-02-20 14:16:34,6912.47,6869.98,6836.33,,BULLISH,92.4,UPTREND,SIGNAL_ONLY_MODE,,,YES,NO,Signal-only mode - no execution
2026-02-20 14:16:34,6912.47,6869.98,6836.33,,BULLISH,,UPTREND,,,,YES,NO,All conditions met
2026-02-20 14:16:37,6912.47,6869.98,6836.33,,BULLISH,92.4,UPTREND,SIGNAL_ONLY_MODE,,,YES,NO,Signal-only mode - no execution
2026-02-20 14:16:37,6912.47,6869.98,6836.33,,BULLISH,,UPTREND,,,,YES,NO,All conditions met
2026-02-20 14:16:39,6912.47,6869.98,6836.33,,BULLISH,92.4,UPTREND,SIGNAL_ONLY_MODE,,,YES,NO,Signal-only mode - no execution
2026-02-20 14:16:39,6912.47,6869.98,6836.33,,BULLISH,,UPTREND,,,,YES,NO,All conditions met
2026-02-20 14:16:41,6912.47,6869.98,6836.33,,BULLISH,92.4,UPTREND,SIGNAL_ONLY_MODE,,,YES,NO,Signal-only mode - no execution
2026-02-20 14:16:41,6912.47,6869.98,6836.33,,BULLISH,,UPTREND,,,,YES,NO,All conditions met
2026-02-20 14:16:44,6912.47,6869.98,6836.33,,BULLISH,92.4,UPTREND,SIGNAL_ONLY_MODE,,,YES,NO,Signal-only mode - no execution
2026-02-20 14:16:44,6912.47,6869.98,6836.33,,BULLISH,,UPTREND,,,,YES,NO,All conditions met
2026-02-20 14:16:46,6912.47,6869.98,6836.33,,BULLISH,92.4,UPTREND,SIGNAL_ONLY_MODE,,,YES,NO,Signal-only mode - no execution
2026-02-20 14:16:46,6912.47,6869.98,6836.33,,BULLISH,,UPTREND,,,,YES,NO,All conditions met
2026-02-20 14:16:48,6912.47,6869.98,6836.33,,BULLISH,92.4,UPTREND,SIGNAL_ONLY_MODE,,,YES,NO,Signal-only mode - no execution
2026-02-20 14:16:48,6912.47,6869.98,6836.33,,BULLISH,,UPTREND,,,,YES,NO,All conditions met
2026-02-20 14:16:51,6912.47,6869.98,6836.33,,BULLISH,92.4,UPTREND,SIGNAL_ONLY_MODE,,,YES,NO,Signal-only mode - no execution
2026-02-20 14:16:51,6912.47,6869.98,6836.33,,BULLISH,,UPTREND,,,,YES,NO,All conditions met
2026-02-20 14:16:53,6912.47,6869.98,6836.33,,BULLISH,92.4,UPTREND,SIGNAL_ONLY_MODE,,,YES,NO,Signal-only mode - no execution
2026-02-20 14:16:53,6912.47,6869.98,6836.33,,BULLISH,,UPTREND,,,,YES,NO,All conditions met
2026-02-20 14:16:56,6912.47,6869.98,6836.33,,BULLISH,92.4,UPTREND,SIGNAL_ONLY_MODE,,,YES,NO,Signal-only mode - no execution
2026-02-20 14:16:56,6912.47,6869.98,6836.33,,BULLISH,,UPTREND,,,,YES,NO,All conditions met
2026-02-20 14:16:59,6912.47,6869.98,6836.33,,BULLISH,92.4,UPTREND,SIGNAL_ONLY_MODE,,,YES,NO,Signal-only mode - no execution
2026-02-20 14:16:59,6912.47,6869.98,6836.33,,BULLISH,,UPTREND,,,,YES,NO,All conditions met
2026-02-20 14:17:01,6912.47,6869.98,6836.33,,BULLISH,92.4,UPTREND,SIGNAL_ONLY_MODE,,,YES,NO,Signal-only mode - no execution
2026-02-20 14:17:01,6912.47,6869.98,6836.33,,BULLISH,,UPTREND,,,,YES,NO,All conditions met
2026-02-20 14:17:03,6912.47,6869.98,6836.33,,BULLISH,92.4,UPTREND,SIGNAL_ONLY_MODE,,,YES,NO,Signal-only mode - no execution
2026-02-20 14:17:03,6912.47,6869.98,6836.33,,BULLISH,,UPTREND,,,,YES,NO,All conditions met
2026-02-20 14:17:05,6912.47,6869.98,6836.33,,BULLISH,92.4,UPTREND,SIGNAL_ONLY_MODE,,,YES,NO,Signal-only mode - no execution
2026-02-20 14:17:05,6912.47,6869.98,6836.33,,BULLISH,,UPTREND,,,,YES,NO,All conditions met
2026-02-20 14:17:08,6912.47,6869.98,6836.33,,BULLISH,92.4,UPTREND,SIGNAL_ONLY_MODE,,,YES,NO,Signal-only mode - no execution
2026-02-20 14:17:08,6912.47,6869.98,6836.33,,BULLISH,,UPTREND,,,,YES,NO,All conditions met
2026-02-20 14:17:10,6912.47,6869.98,6836.33,,BULLISH,92.4,UPTREND,SIGNAL_ONLY_MODE,,,YES,NO,Signal-only mode - no execution
2026-02-20 14:17:10,6912.47,6869.98,6836.33,,BULLISH,,UPTREND,,,,YES,NO,All conditions met
2026-02-20 14:17:12,6912.47,6869.98,6836.33,,BULLISH,92.4,UPTREND,SIGNAL_ONLY_MODE,,,YES,NO,Signal-only mode - no execution
2026-02-20 14:17:12,6912.47,6869.98,6836.33,,BULLISH,,UPTREND,,,,YES,NO,All conditions met
2026-02-20 14:17:15,6912.47,6869.98,6836.33,,BULLISH,92.4,UPTREND,SIGNAL_ONLY_MODE,,,YES,NO,Signal-only mode - no execution
2026-02-20 14:17:15,6912.47,6869.98,6836.33,,BULLISH,,UPTREND,,,,YES,NO,All conditions met
2026-02-20 14:17:17,6912.47,6869.98,6836.33,,BULLISH,92.4,UPTREND,SIGNAL_ONLY_MODE,,,YES,NO,Signal-only mode - no execution
2026-02-20 14:17:17,6912.47,6869.98,6836.33,,BULLISH,,UPTREND,,,,YES,NO,All conditions met
2026-02-20 14:17:19,6912.47,6869.98,6836.33,,BULLISH,92.4,UPTREND,SIGNAL_ONLY_MODE,,,YES,NO,Signal-only mode - no execution
2026-02-20 14:17:19,6912.47,6869.98,6836.33,,BULLISH,,UPTREND,,,,YES,NO,All conditions met
2026-02-20 14:17:22,6912.47,6869.98,6836.33,,BULLISH,92.4,UPTREND,SIGNAL_ONLY_MODE,,,YES,NO,Signal-only mode - no execution
2026-02-20 14:17:22,6912.47,6869.98,6836.33,,BULLISH,,UPTREND,,,,YES,NO,All conditions met
2026-02-20 14:17:24,6912.47,6869.98,6836.33,,BULLISH,92.4,UPTREND,SIGNAL_ONLY_MODE,,,YES,NO,Signal-only mode - no execution
2026-02-20 14:17:24,6912.47,6869.98,6836.33,,BULLISH,,UPTREND,,,,YES,NO,All conditions met
2026-02-20 14:17:26,6912.47,6869.98,6836.33,,BULLISH,92.4,UPTREND,SIGNAL_ONLY_MODE,,,YES,NO,Signal-only mode - no execution
2026-02-20 14:17:26,6912.47,6869.98,6836.33,,BULLISH,,UPTREND,,,,YES,NO,All conditions met
2026-02-20 14:17:29,6912.47,6869.98,6836.33,,BULLISH,92.4,UPTREND,SIGNAL_ONLY_MODE,,,YES,NO,Signal-only mode - no execution
2026-02-20 14:17:29,6912.47,6869.98,6836.33,,BULLISH,,UPTREND,,,,YES,NO,All conditions met
2026-02-20 14:17:31,6912.47,6869.98,6836.33,,BULLISH,92.4,UPTREND,SIGNAL_ONLY_MODE,,,YES,NO,Signal-only mode - no execution
2026-02-20 14:17:31,6912.47,6869.98,6836.33,,BULLISH,,UPTREND,,,,YES,NO,All conditions met
2026-02-20 14:17:33,6912.47,6869.98,6836.33,,BULLISH,92.4,UPTREND,SIGNAL_ONLY_MODE,,,YES,NO,Signal-only mode - no execution
2026-02-20 14:17:33,6912.47,6869.98,6836.33,,BULLISH,,UPTREND,,,,YES,NO,All conditions met
2026-02-20 14:17:36,6912.47,6869.98,6836.33,,BULLISH,92.4,UPTREND,SIGNAL_ONLY_MODE,,,YES,NO,Signal-only mode - no execution
2026-02-20 14:17:36,6912.47,6869.98,6836.33,,BULLISH,,UPTREND,,,,YES,NO,All conditions met
2026-02-20 14:17:38,6912.47,6869.98,6836.33,,BULLISH,92.4,UPTREND,SIGNAL_ONLY_MODE,,,YES,NO,Signal-only mode - no execution
2026-02-20 14:17:38,6912.47,6869.98,6836.33,,BULLISH,,UPTREND,,,,YES,NO,All conditions met
2026-02-20 14:17:40,6912.47,6869.98,6836.33,,BULLISH,92.4,UPTREND,SIGNAL_ONLY_MODE,,,YES,NO,Signal-only mode - no execution
2026-02-20 14:17:40,6912.47,6869.98,6836.33,,BULLISH,,UPTREND,,,,YES,NO,All conditions met
2026-02-20 14:17:43,6912.47,6869.98,6836.33,,BULLISH,92.4,UPTREND,SIGNAL_ONLY_MODE,,,YES,NO,Signal-only mode - no execution
2026-02-20 14:17:43,6912.47,6869.98,6836.33,,BULLISH,,UPTREND,,,,YES,NO,All conditions met
2026-02-20 14:17:45,6912.47,6869.98,6836.33,,BULLISH,92.4,UPTREND,SIGNAL_ONLY_MODE,,,YES,NO,Signal-only mode - no execution
2026-02-20 14:17:45,6912.47,6869.98,6836.33,,BULLISH,,UPTREND,,,,YES,NO,All conditions met
2026-02-20 14:17:47,6912.47,6869.98,6836.33,,BULLISH,92.4,UPTREND,SIGNAL_ONLY_MODE,,,YES,NO,Signal-only mode - no execution
2026-02-20 14:17:47,6912.47,6869.98,6836.33,,BULLISH,,UPTREND,,,,YES,NO,All conditions met
2026-02-20 14:17:50,6912.47,6869.98,6836.33,,BULLISH,92.4,UPTREND,SIGNAL_ONLY_MODE,,,YES,NO,Signal-only mode - no execution
2026-02-20 14:17:50,6912.47,6869.98,6836.33,,BULLISH,,UPTREND,,,,YES,NO,All conditions met
2026-02-20 14:17:52,6912.47,6869.98,6836.33,,BULLISH,92.4,UPTREND,SIGNAL_ONLY_MODE,,,YES,NO,Signal-only mode - no execution
2026-02-20 14:17:52,6912.47,6869.98,6836.33,,BULLISH,,UPTREND,,,,YES,NO,All conditions met
2026-02-20 14:17:54,6912.47,6869.98,6836.33,,BULLISH,92.4,UPTREND,SIGNAL_ONLY_MODE,,,YES,NO,Signal-only mode - no execution
2026-02-20 14:17:54,6912.47,6869.98,6836.33,,BULLISH,,UPTREND,,,,YES,NO,All conditions met
2026-02-20 14:17:57,6912.47,6869.98,6836.33,,BULLISH,92.4,UPTREND,SIGNAL_ONLY_MODE,,,YES,NO,Signal-only mode - no execution
2026-02-20 14:17:57,6912.47,6869.98,6836.33,,BULLISH,,UPTREND,,,,YES,NO,All conditions met
2026-02-20 14:17:59,6912.47,6869.98,6836.33,,BULLISH,92.4,UPTREND,SIGNAL_ONLY_MODE,,,YES,NO,Signal-only mode - no execution
2026-02-20 14:17:59,6912.47,6869.98,6836.33,,BULLISH,,UPTREND,,,,YES,NO,All conditions met
2026-02-20 14:18:01,6912.47,6869.98,6836.33,,BULLISH,92.4,UPTREND,SIGNAL_ONLY_MODE,,,YES,NO,Signal-only mode - no execution
2026-02-20 14:18:01,6912.47,6869.98,6836.33,,BULLISH,,UPTREND,,,,YES,NO,All conditions met
2026-02-20 14:18:04,6912.47,6869.98,6836.33,,BULLISH,92.4,UPTREND,SIGNAL_ONLY_MODE,,,YES,NO,Signal-only mode - no execution
2026-02-20 14:18:04,6912.47,6869.98,6836.33,,BULLISH,,UPTREND,,,,YES,NO,All conditions met
2026-02-20 14:18:07,6912.47,6869.98,6836.33,,BULLISH,92.4,UPTREND,SIGNAL_ONLY_MODE,,,YES,NO,Signal-only mode - no execution
2026-02-20 14:18:07,6912.47,6869.98,6836.33,,BULLISH,,UPTREND,,,,YES,NO,All conditions met
2026-02-20 14:18:09,6912.47,6869.98,6836.33,,BULLISH,92.4,UPTREND,SIGNAL_ONLY_MODE,,,YES,NO,Signal-only mode - no execution
2026-02-20 14:18:09,6912.47,6869.98,6836.33,,BULLISH,,UPTREND,,,,YES,NO,All conditions met
2026-02-20 14:18:12,6912.47,6869.98,6836.33,,BULLISH,92.4,UPTREND,SIGNAL_ONLY_MODE,,,YES,NO,Signal-only mode - no execution
2026-02-20 14:18:12,6912.47,6869.98,6836.33,,BULLISH,,UPTREND,,,,YES,NO,All conditions met
2026-02-20 14:18:14,6912.47,6869.98,6836.33,,BULLISH,92.4,UPTREND,SIGNAL_ONLY_MODE,,,YES,NO,Signal-only mode - no execution
2026-02-20 14:18:14,6912.47,6869.98,6836.33,,BULLISH,,UPTREND,,,,YES,NO,All conditions met
2026-02-20 14:18:16,6912.47,6869.98,6836.33,,BULLISH,92.4,UPTREND,SIGNAL_ONLY_MODE,,,YES,NO,Signal-only mode - no execution
2026-02-20 14:18:16,6912.47,6869.98,6836.33,,BULLISH,,UPTREND,,,,YES,NO,All conditions met
2026-02-20 14:18:19,6912.47,6869.98,6836.33,,BULLISH,92.4,UPTREND,SIGNAL_ONLY_MODE,,,YES,NO,Signal-only mode - no execution
2026-02-20 14:18:19,6912.47,6869.98,6836.33,,BULLISH,,UPTREND,,,,YES,NO,All conditions met
2026-02-20 14:18:21,6912.47,6869.98,6836.33,,BULLISH,92.4,UPTREND,SIGNAL_ONLY_MODE,,,YES,NO,Signal-only mode - no execution
2026-02-20 14:18:21,6912.47,6869.98,6836.33,,BULLISH,,UPTREND,,,,YES,NO,All conditions met
2026-02-20 14:18:23,6912.47,6869.98,6836.33,,BULLISH,92.4,UPTREND,SIGNAL_ONLY_MODE,,,YES,NO,Signal-only mode - no execution
2026-02-20 14:18:23,6912.47,6869.98,6836.33,,BULLISH,,UPTREND,,,,YES,NO,All conditions met
2026-02-20 14:18:26,6912.47,6869.98,6836.33,,BULLISH,92.4,UPTREND,SIGNAL_ONLY_MODE,,,YES,NO,Signal-only mode - no execution
2026-02-20 14:18:26,6912.47,6869.98,6836.33,,BULLISH,,UPTREND,,,,YES,NO,All conditions met
2026-02-20 14:18:28,6912.47,6869.98,6836.33,,BULLISH,92.4,UPTREND,SIGNAL_ONLY_MODE,,,YES,NO,Signal-only mode - no execution
2026-02-20 14:18:28,6912.47,6869.98,6836.33,,BULLISH,,UPTREND,,,,YES,NO,All conditions met
2026-02-20 14:18:30,6912.47,6869.98,6836.33,,BULLISH,92.4,UPTREND,SIGNAL_ONLY_MODE,,,YES,NO,Signal-only mode - no execution
2026-02-20 14:18:30,6912.47,6869.98,6836.33,,BULLISH,,UPTREND,,,,YES,NO,All conditions met
2026-02-20 14:18:33,6912.47,6869.98,6836.33,,BULLISH,92.4,UPTREND,SIGNAL_ONLY_MODE,,,YES,NO,Signal-only mode - no execution
2026-02-20 14:18:33,6912.47,6869.98,6836.33,,BULLISH,,UPTREND,,,,YES,NO,All conditions met
2026-02-20 14:18:35,6912.47,6869.98,6836.33,,BULLISH,92.4,UPTREND,SIGNAL_ONLY_MODE,,,YES,NO,Signal-only mode - no execution
2026-02-20 14:18:35,6912.47,6869.98,6836.33,,BULLISH,,UPTREND,,,,YES,NO,All conditions met
2026-02-20 14:18:37,6912.47,6869.98,6836.33,,BULLISH,92.4,UPTREND,SIGNAL_ONLY_MODE,,,YES,NO,Signal-only mode - no execution
2026-02-20 14:18:37,6912.47,6869.98,6836.33,,BULLISH,,UPTREND,,,,YES,NO,All conditions met
2026-02-20 14:18:40,6912.47,6869.98,6836.33,,BULLISH,92.4,UPTREND,SIGNAL_ONLY_MODE,,,YES,NO,Signal-only mode - no execution
2026-02-20 14:18:40,6912.47,6869.98,6836.33,,BULLISH,,UPTREND,,,,YES,NO,All conditions met
2026-02-20 14:18:42,6912.47,6869.98,6836.33,,BULLISH,92.4,UPTREND,SIGNAL_ONLY_MODE,,,YES,NO,Signal-only mode - no execution
2026-02-20 14:18:42,6912.47,6869.98,6836.33,,BULLISH,,UPTREND,,,,YES,NO,All conditions met
2026-02-20 14:18:44,6912.47,6869.98,6836.33,,BULLISH,92.4,UPTREND,SIGNAL_ONLY_MODE,,,YES,NO,Signal-only mode - no execution
2026-02-20 14:18:44,6912.47,6869.98,6836.33,,BULLISH,,UPTREND,,,,YES,NO,All conditions met
2026-02-20 14:18:46,6912.47,6869.98,6836.33,,BULLISH,92.4,UPTREND,SIGNAL_ONLY_MODE,,,YES,NO,Signal-only mode - no execution
2026-02-20 14:18:47,6912.47,6869.98,6836.33,,BULLISH,,UPTREND,,,,YES,NO,All conditions met
2026-02-20 14:18:49,6912.47,6869.98,6836.33,,BULLISH,92.4,UPTREND,SIGNAL_ONLY_MODE,,,YES,NO,Signal-only mode - no execution
2026-02-20 14:18:49,6912.47,6869.98,6836.33,,BULLISH,,UPTREND,,,,YES,NO,All conditions met
2026-02-20 14:18:51,6912.47,6869.98,6836.33,,BULLISH,92.4,UPTREND,SIGNAL_ONLY_MODE,,,YES,NO,Signal-only mode - no execution
2026-02-20 14:18:51,6912.47,6869.98,6836.33,,BULLISH,,UPTREND,,,,YES,NO,All conditions met
2026-02-20 14:18:53,6912.47,6869.98,6836.33,,BULLISH,92.4,UPTREND,SIGNAL_ONLY_MODE,,,YES,NO,Signal-only mode - no execution
2026-02-20 14:18:53,6912.47,6869.98,6836.33,,BULLISH,,UPTREND,,,,YES,NO,All conditions met
2026-02-20 14:18:56,6912.47,6869.98,6836.33,,BULLISH,92.4,UPTREND,SIGNAL_ONLY_MODE,,,YES,NO,Signal-only mode - no execution
2026-02-20 14:18:56,6912.47,6869.98,6836.33,,BULLISH,,UPTREND,,,,YES,NO,All conditions met
2026-02-20 14:18:58,6912.47,6869.98,6836.33,,BULLISH,92.4,UPTREND,SIGNAL_ONLY_MODE,,,YES,NO,Signal-only mode - no execution
2026-02-20 14:18:58,6912.47,6869.98,6836.33,,BULLISH,,UPTREND,,,,YES,NO,All conditions met
2026-02-20 14:19:00,6912.47,6869.98,6836.33,,BULLISH,92.4,UPTREND,SIGNAL_ONLY_MODE,,,YES,NO,Signal-only mode - no execution
2026-02-20 14:19:00,6912.47,6869.98,6836.33,,BULLISH,,UPTREND,,,,YES,NO,All conditions met
2026-02-20 14:19:03,6912.47,6869.98,6836.33,,BULLISH,92.4,UPTREND,SIGNAL_ONLY_MODE,,,YES,NO,Signal-only mode - no execution
2026-02-20 14:19:03,6912.47,6869.98,6836.33,,BULLISH,,UPTREND,,,,YES,NO,All conditions met
2026-02-20 14:19:05,6912.47,6869.98,6836.33,,BULLISH,92.4,UPTREND,SIGNAL_ONLY_MODE,,,YES,NO,Signal-only mode - no execution
2026-02-20 14:19:05,6912.47,6869.98,6836.33,,BULLISH,,UPTREND,,,,YES,NO,All conditions met
2026-02-20 14:19:07,6912.47,6869.98,6836.33,,BULLISH,92.4,UPTREND,SIGNAL_ONLY_MODE,,,YES,NO,Signal-only mode - no execution
2026-02-20 14:19:07,6912.47,6869.98,6836.33,,BULLISH,,UPTREND,,,,YES,NO,All conditions met
2026-02-20 14:19:10,6912.47,6869.98,6836.33,,BULLISH,92.4,UPTREND,SIGNAL_ONLY_MODE,,,YES,NO,Signal-only mode - no execution
2026-02-20 14:19:10,6912.47,6869.98,6836.33,,BULLISH,,UPTREND,,,,YES,NO,All conditions met
2026-02-20 14:19:12,6912.47,6869.98,6836.33,,BULLISH,92.4,UPTREND,SIGNAL_ONLY_MODE,,,YES,NO,Signal-only mode - no execution
2026-02-20 14:19:12,6912.47,6869.98,6836.33,,BULLISH,,UPTREND,,,,YES,NO,All conditions met
2026-02-20 14:19:14,6912.47,6869.98,6836.33,,BULLISH,92.4,UPTREND,SIGNAL_ONLY_MODE,,,YES,NO,Signal-only mode - no execution
2026-02-20 14:19:14,6912.47,6869.98,6836.33,,BULLISH,,UPTREND,,,,YES,NO,All conditions met
2026-02-20 14:19:18,6912.47,6869.98,6836.33,,BULLISH,92.4,UPTREND,SIGNAL_ONLY_MODE,,,YES,NO,Signal-only mode - no execution
2026-02-20 14:19:18,6912.47,6869.98,6836.33,,BULLISH,,UPTREND,,,,YES,NO,All conditions met
2026-02-20 14:19:20,6912.47,6869.98,6836.33,,BULLISH,92.4,UPTREND,SIGNAL_ONLY_MODE,,,YES,NO,Signal-only mode - no execution
2026-02-20 14:19:20,6912.47,6869.98,6836.33,,BULLISH,,UPTREND,,,,YES,NO,All conditions met
2026-02-20 14:19:23,6912.47,6869.98,6836.33,,BULLISH,92.4,UPTREND,SIGNAL_ONLY_MODE,,,YES,NO,Signal-only mode - no execution
2026-02-20 14:19:23,6912.47,6869.98,6836.33,,BULLISH,,UPTREND,,,,YES,NO,All conditions met
2026-02-20 14:19:25,6912.47,6869.98,6836.33,,BULLISH,92.4,UPTREND,SIGNAL_ONLY_MODE,,,YES,NO,Signal-only mode - no execution
2026-02-20 14:19:25,6912.47,6869.98,6836.33,,BULLISH,,UPTREND,,,,YES,NO,All conditions met
2026-02-20 14:19:27,6912.47,6869.98,6836.33,,BULLISH,92.4,UPTREND,SIGNAL_ONLY_MODE,,,YES,NO,Signal-only mode - no execution
2026-02-20 14:19:27,6912.47,6869.98,6836.33,,BULLISH,,UPTREND,,,,YES,NO,All conditions met
2026-02-20 14:19:29,6912.47,6869.98,6836.33,,BULLISH,92.4,UPTREND,SIGNAL_ONLY_MODE,,,YES,NO,Signal-only mode - no execution
2026-02-20 14:19:29,6912.47,6869.98,6836.33,,BULLISH,,UPTREND,,,,YES,NO,All conditions met
2026-02-20 14:19:32,6912.47,6869.98,6836.33,,BULLISH,92.4,UPTREND,SIGNAL_ONLY_MODE,,,YES,NO,Signal-only mode - no execution
2026-02-20 14:19:32,6912.47,6869.98,6836.33,,BULLISH,,UPTREND,,,,YES,NO,All conditions met
2026-02-20 14:19:34,6912.47,6869.98,6836.33,,BULLISH,92.4,UPTREND,SIGNAL_ONLY_MODE,,,YES,NO,Signal-only mode - no execution
2026-02-20 14:19:34,6912.47,6869.98,6836.33,,BULLISH,,UPTREND,,,,YES,NO,All conditions met
2026-02-20 14:19:36,6912.47,6869.98,6836.33,,BULLISH,92.4,UPTREND,SIGNAL_ONLY_MODE,,,YES,NO,Signal-only mode - no execution
2026-02-20 14:19:36,6912.47,6869.98,6836.33,,BULLISH,,UPTREND,,,,YES,NO,All conditions met
2026-02-20 14:19:39,6912.47,6869.98,6836.33,,BULLISH,92.4,UPTREND,SIGNAL_ONLY_MODE,,,YES,NO,Signal-only mode - no execution
2026-02-20 14:19:39,6912.47,6869.98,6836.33,,BULLISH,,UPTREND,,,,YES,NO,All conditions met
2026-02-20 14:19:41,6912.47,6869.98,6836.33,,BULLISH,92.4,UPTREND,SIGNAL_ONLY_MODE,,,YES,NO,Signal-only mode - no execution
2026-02-20 14:19:41,6912.47,6869.98,6836.33,,BULLISH,,UPTREND,,,,YES,NO,All conditions met
2026-02-20 14:19:43,6912.47,6869.98,6836.33,,BULLISH,92.4,UPTREND,SIGNAL_ONLY_MODE,,,YES,NO,Signal-only mode - no execution
2026-02-20 14:19:43,6912.47,6869.98,6836.33,,BULLISH,,UPTREND,,,,YES,NO,All conditions met
2026-02-20 14:19:46,6912.47,6869.98,6836.33,,BULLISH,92.4,UPTREND,SIGNAL_ONLY_MODE,,,YES,NO,Signal-only mode - no execution
2026-02-20 14:19:46,6912.47,6869.98,6836.33,,BULLISH,,UPTREND,,,,YES,NO,All conditions met
2026-02-20 14:19:48,6912.47,6869.98,6836.33,,BULLISH,92.4,UPTREND,SIGNAL_ONLY_MODE,,,YES,NO,Signal-only mode - no execution
2026-02-20 14:19:48,6912.47,6869.98,6836.33,,BULLISH,,UPTREND,,,,YES,NO,All conditions met
2026-02-20 14:19:50,6912.47,6869.98,6836.33,,BULLISH,92.4,UPTREND,SIGNAL_ONLY_MODE,,,YES,NO,Signal-only mode - no execution
2026-02-20 14:19:50,6912.47,6869.98,6836.33,,BULLISH,,UPTREND,,,,YES,NO,All conditions met
2026-02-20 14:19:53,6912.47,6869.98,6836.33,,BULLISH,92.4,UPTREND,SIGNAL_ONLY_MODE,,,YES,NO,Signal-only mode - no execution
2026-02-20 14:19:53,6912.47,6869.98,6836.33,,BULLISH,,UPTREND,,,,YES,NO,All conditions met
2026-02-20 14:19:55,6912.47,6869.98,6836.33,,BULLISH,92.4,UPTREND,SIGNAL_ONLY_MODE,,,YES,NO,Signal-only mode - no execution
2026-02-20 14:19:55,6912.47,6869.98,6836.33,,BULLISH,,UPTREND,,,,YES,NO,All conditions met
2026-02-20 14:19:57,6912.47,6869.98,6836.33,,BULLISH,92.4,UPTREND,SIGNAL_ONLY_MODE,,,YES,NO,Signal-only mode - no execution
2026-02-20 14:19:57,6912.47,6869.98,6836.33,,BULLISH,,UPTREND,,,,YES,NO,All conditions met
2026-02-20 14:19:59,6912.47,6869.98,6836.33,,BULLISH,92.4,UPTREND,SIGNAL_ONLY_MODE,,,YES,NO,Signal-only mode - no execution
2026-02-20 14:19:59,6912.47,6869.98,6836.33,,BULLISH,,UPTREND,,,,YES,NO,All conditions met
2026-02-20 14:20:02,6912.47,6869.98,6836.33,,BULLISH,92.4,UPTREND,SIGNAL_ONLY_MODE,,,YES,NO,Signal-only mode - no execution
2026-02-20 14:20:02,6912.47,6869.98,6836.33,,BULLISH,,UPTREND,,,,YES,NO,All conditions met
2026-02-20 14:20:04,6912.47,6869.98,6836.33,,BULLISH,92.4,UPTREND,SIGNAL_ONLY_MODE,,,YES,NO,Signal-only mode - no execution
2026-02-20 14:20:04,6912.47,6869.98,6836.33,,BULLISH,,UPTREND,,,,YES,NO,All conditions met
2026-02-20 14:20:06,6912.47,6869.98,6836.33,,BULLISH,92.4,UPTREND,SIGNAL_ONLY_MODE,,,YES,NO,Signal-only mode - no execution
2026-02-20 14:20:06,6912.47,6869.98,6836.33,,BULLISH,,UPTREND,,,,YES,NO,All conditions met
2026-02-20 14:20:09,6912.47,6869.98,6836.33,,BULLISH,92.4,UPTREND,SIGNAL_ONLY_MODE,,,YES,NO,Signal-only mode - no execution
2026-02-20 14:20:09,6912.47,6869.98,6836.33,,BULLISH,,UPTREND,,,,YES,NO,All conditions met
2026-02-20 14:20:11,6912.47,6869.98,6836.33,,BULLISH,92.4,UPTREND,SIGNAL_ONLY_MODE,,,YES,NO,Signal-only mode - no execution
2026-02-20 14:20:11,6912.47,6869.98,6836.33,,BULLISH,,UPTREND,,,,YES,NO,All conditions met
2026-02-20 14:20:13,6912.47,6869.98,6836.33,,BULLISH,92.4,UPTREND,SIGNAL_ONLY_MODE,,,YES,NO,Signal-only mode - no execution
2026-02-20 14:20:13,6912.47,6869.98,6836.33,,BULLISH,,UPTREND,,,,YES,NO,All conditions met
2026-02-20 14:20:16,6912.47,6869.98,6836.33,,BULLISH,92.4,UPTREND,SIGNAL_ONLY_MODE,,,YES,NO,Signal-only mode - no execution
2026-02-20 14:20:16,6912.47,6869.98,6836.33,,BULLISH,,UPTREND,,,,YES,NO,All conditions met
2026-02-20 14:20:18,6912.47,6869.98,6836.33,,BULLISH,92.4,UPTREND,SIGNAL_ONLY_MODE,,,YES,NO,Signal-only mode - no execution
2026-02-20 14:20:18,6912.47,6869.98,6836.33,,BULLISH,,UPTREND,,,,YES,NO,All conditions met
2026-02-20 14:20:20,6912.47,6869.98,6836.33,,BULLISH,92.4,UPTREND,SIGNAL_ONLY_MODE,,,YES,NO,Signal-only mode - no execution
2026-02-20 14:20:20,6912.47,6869.98,6836.33,,BULLISH,,UPTREND,,,,YES,NO,All conditions met
2026-02-20 14:20:23,6912.47,6869.98,6836.33,,BULLISH,92.4,UPTREND,SIGNAL_ONLY_MODE,,,YES,NO,Signal-only mode - no execution
2026-02-20 14:20:23,6912.47,6869.98,6836.33,,BULLISH,,UPTREND,,,,YES,NO,All conditions met
2026-02-20 14:20:25,6912.47,6869.98,6836.33,,BULLISH,92.4,UPTREND,SIGNAL_ONLY_MODE,,,YES,NO,Signal-only mode - no execution
2026-02-20 14:20:25,6912.47,6869.98,6836.33,,BULLISH,,UPTREND,,,,YES,NO,All conditions met
2026-02-20 14:20:28,6912.47,6869.98,6836.33,,BULLISH,92.4,UPTREND,SIGNAL_ONLY_MODE,,,YES,NO,Signal-only mode - no execution
2026-02-20 14:20:28,6912.47,6869.98,6836.33,,BULLISH,,UPTREND,,,,YES,NO,All conditions met
2026-02-20 14:20:31,6912.47,6869.98,6836.33,,BULLISH,92.4,UPTREND,SIGNAL_ONLY_MODE,,,YES,NO,Signal-only mode - no execution
2026-02-20 14:20:31,6912.47,6869.98,6836.33,,BULLISH,,UPTREND,,,,YES,NO,All conditions met
2026-02-20 14:20:33,6912.47,6869.98,6836.33,,BULLISH,92.4,UPTREND,SIGNAL_ONLY_MODE,,,YES,NO,Signal-only mode - no execution
2026-02-20 14:20:33,6912.47,6869.98,6836.33,,BULLISH,,UPTREND,,,,YES,NO,All conditions met
2026-02-20 14:20:36,6912.47,6869.98,6836.33,,BULLISH,92.4,UPTREND,SIGNAL_ONLY_MODE,,,YES,NO,Signal-only mode - no execution
2026-02-20 14:20:36,6912.47,6869.98,6836.33,,BULLISH,,UPTREND,,,,YES,NO,All conditions met
2026-02-20 14:20:38,6912.47,6869.98,6836.33,,BULLISH,92.4,UPTREND,SIGNAL_ONLY_MODE,,,YES,NO,Signal-only mode - no execution
2026-02-20 14:20:38,6912.47,6869.98,6836.33,,BULLISH,,UPTREND,,,,YES,NO,All conditions met
2026-02-20 14:20:40,6912.47,6869.98,6836.33,,BULLISH,92.4,UPTREND,SIGNAL_ONLY_MODE,,,YES,NO,Signal-only mode - no execution
2026-02-20 14:20:40,6912.47,6869.98,6836.33,,BULLISH,,UPTREND,,,,YES,NO,All conditions met
2026-02-20 14:20:43,6912.47,6869.98,6836.33,,BULLISH,92.4,UPTREND,SIGNAL_ONLY_MODE,,,YES,NO,Signal-only mode - no execution
2026-02-20 14:20:43,6912.47,6869.98,6836.33,,BULLISH,,UPTREND,,,,YES,NO,All conditions met
2026-02-20 14:20:45,6912.47,6869.98,6836.33,,BULLISH,92.4,UPTREND,SIGNAL_ONLY_MODE,,,YES,NO,Signal-only mode - no execution
2026-02-20 14:20:45,6912.47,6869.98,6836.33,,BULLISH,,UPTREND,,,,YES,NO,All conditions met
2026-02-20 14:20:47,6912.47,6869.98,6836.33,,BULLISH,92.4,UPTREND,SIGNAL_ONLY_MODE,,,YES,NO,Signal-only mode - no execution
2026-02-20 14:20:47,6912.47,6869.98,6836.33,,BULLISH,,UPTREND,,,,YES,NO,All conditions met
2026-02-20 14:20:50,6912.47,6869.98,6836.33,,BULLISH,92.4,UPTREND,SIGNAL_ONLY_MODE,,,YES,NO,Signal-only mode - no execution
2026-02-20 14:20:50,6912.47,6869.98,6836.33,,BULLISH,,UPTREND,,,,YES,NO,All conditions met
2026-02-20 14:20:52,6912.47,6869.98,6836.33,,BULLISH,92.4,UPTREND,SIGNAL_ONLY_MODE,,,YES,NO,Signal-only mode - no execution
2026-02-20 14:20:52,6912.47,6869.98,6836.33,,BULLISH,,UPTREND,,,,YES,NO,All conditions met
2026-02-20 14:20:54,6912.47,6869.98,6836.33,,BULLISH,92.4,UPTREND,SIGNAL_ONLY_MODE,,,YES,NO,Signal-only mode - no execution
2026-02-20 14:20:54,6912.47,6869.98,6836.33,,BULLISH,,UPTREND,,,,YES,NO,All conditions met
2026-02-20 14:20:57,6912.47,6869.98,6836.33,,BULLISH,92.4,UPTREND,SIGNAL_ONLY_MODE,,,YES,NO,Signal-only mode - no execution
2026-02-20 14:20:57,6912.47,6869.98,6836.33,,BULLISH,,UPTREND,,,,YES,NO,All conditions met
2026-02-20 14:20:59,6912.47,6869.98,6836.33,,BULLISH,92.4,UPTREND,SIGNAL_ONLY_MODE,,,YES,NO,Signal-only mode - no execution
2026-02-20 14:20:59,6912.47,6869.98,6836.33,,BULLISH,,UPTREND,,,,YES,NO,All conditions met
2026-02-20 14:21:01,6912.47,6869.98,6836.33,,BULLISH,92.4,UPTREND,SIGNAL_ONLY_MODE,,,YES,NO,Signal-only mode - no execution
2026-02-20 14:21:01,6912.47,6869.98,6836.33,,BULLISH,,UPTREND,,,,YES,NO,All conditions met
2026-02-20 14:21:03,6912.47,6869.98,6836.33,,BULLISH,92.4,UPTREND,SIGNAL_ONLY_MODE,,,YES,NO,Signal-only mode - no execution
2026-02-20 14:21:03,6912.47,6869.98,6836.33,,BULLISH,,UPTREND,,,,YES,NO,All conditions met
2026-02-20 14:21:06,6912.47,6869.98,6836.33,,BULLISH,92.4,UPTREND,SIGNAL_ONLY_MODE,,,YES,NO,Signal-only mode - no execution
2026-02-20 14:21:06,6912.47,6869.98,6836.33,,BULLISH,,UPTREND,,,,YES,NO,All conditions met
2026-02-20 14:21:08,6912.47,6869.98,6836.33,,BULLISH,92.4,UPTREND,SIGNAL_ONLY_MODE,,,YES,NO,Signal-only mode - no execution
2026-02-20 14:21:08,6912.47,6869.98,6836.33,,BULLISH,,UPTREND,,,,YES,NO,All conditions met
2026-02-20 14:21:10,6912.47,6869.98,6836.33,,BULLISH,92.4,UPTREND,SIGNAL_ONLY_MODE,,,YES,NO,Signal-only mode - no execution
2026-02-20 14:21:10,6912.47,6869.98,6836.33,,BULLISH,,UPTREND,,,,YES,NO,All conditions met
2026-02-20 14:21:13,6912.47,6869.98,6836.33,,BULLISH,92.4,UPTREND,SIGNAL_ONLY_MODE,,,YES,NO,Signal-only mode - no execution
2026-02-20 14:21:13,6912.47,6869.98,6836.33,,BULLISH,,UPTREND,,,,YES,NO,All conditions met
2026-02-20 14:21:15,6912.47,6869.98,6836.33,,BULLISH,92.4,UPTREND,SIGNAL_ONLY_MODE,,,YES,NO,Signal-only mode - no execution
2026-02-20 14:21:15,6912.47,6869.98,6836.33,,BULLISH,,UPTREND,,,,YES,NO,All conditions met
2026-02-20 14:21:17,6912.47,6869.98,6836.33,,BULLISH,92.4,UPTREND,SIGNAL_ONLY_MODE,,,YES,NO,Signal-only mode - no execution
2026-02-20 14:21:17,6912.47,6869.98,6836.33,,BULLISH,,UPTREND,,,,YES,NO,All conditions met
2026-02-20 14:21:20,6912.47,6869.98,6836.33,,BULLISH,92.4,UPTREND,SIGNAL_ONLY_MODE,,,YES,NO,Signal-only mode - no execution
2026-02-20 14:21:20,6912.47,6869.98,6836.33,,BULLISH,,UPTREND,,,,YES,NO,All conditions met
2026-02-20 14:21:22,6912.47,6869.98,6836.33,,BULLISH,92.4,UPTREND,SIGNAL_ONLY_MODE,,,YES,NO,Signal-only mode - no execution
2026-02-20 14:21:22,6912.47,6869.98,6836.33,,BULLISH,,UPTREND,,,,YES,NO,All conditions met
2026-02-20 14:21:24,6912.47,6869.98,6836.33,,BULLISH,92.4,UPTREND,SIGNAL_ONLY_MODE,,,YES,NO,Signal-only mode - no execution
2026-02-20 14:21:24,6912.47,6869.98,6836.33,,BULLISH,,UPTREND,,,,YES,NO,All conditions met
2026-02-20 14:21:27,6912.47,6869.98,6836.33,,BULLISH,92.4,UPTREND,SIGNAL_ONLY_MODE,,,YES,NO,Signal-only mode - no execution
2026-02-20 14:21:27,6912.47,6869.98,6836.33,,BULLISH,,UPTREND,,,,YES,NO,All conditions met
2026-02-20 14:21:29,6912.47,6869.98,6836.33,,BULLISH,92.4,UPTREND,SIGNAL_ONLY_MODE,,,YES,NO,Signal-only mode - no execution
2026-02-20 14:21:29,6912.47,6869.98,6836.33,,BULLISH,,UPTREND,,,,YES,NO,All conditions met
2026-02-20 14:21:31,6912.47,6869.98,6836.33,,BULLISH,92.4,UPTREND,SIGNAL_ONLY_MODE,,,YES,NO,Signal-only mode - no execution
2026-02-20 14:21:31,6912.47,6869.98,6836.33,,BULLISH,,UPTREND,,,,YES,NO,All conditions met
2026-02-20 14:21:34,6912.47,6869.98,6836.33,,BULLISH,92.4,UPTREND,SIGNAL_ONLY_MODE,,,YES,NO,Signal-only mode - no execution
2026-02-20 14:21:34,6912.47,6869.98,6836.33,,BULLISH,,UPTREND,,,,YES,NO,All conditions met
2026-02-20 14:21:36,6912.47,6869.98,6836.33,,BULLISH,92.4,UPTREND,SIGNAL_ONLY_MODE,,,YES,NO,Signal-only mode - no execution
2026-02-20 14:21:36,6912.47,6869.98,6836.33,,BULLISH,,UPTREND,,,,YES,NO,All conditions met
2026-02-20 14:21:39,6912.47,6869.98,6836.33,,BULLISH,92.4,UPTREND,SIGNAL_ONLY_MODE,,,YES,NO,Signal-only mode - no execution
2026-02-20 14:21:39,6912.47,6869.98,6836.33,,BULLISH,,UPTREND,,,,YES,NO,All conditions met
2026-02-20 14:21:42,6912.47,6869.98,6836.33,,BULLISH,92.4,UPTREND,SIGNAL_ONLY_MODE,,,YES,NO,Signal-only mode - no execution
2026-02-20 14:21:42,6912.47,6869.98,6836.33,,BULLISH,,UPTREND,,,,YES,NO,All conditions met
2026-02-20 14:21:44,6912.47,6869.98,6836.33,,BULLISH,92.4,UPTREND,SIGNAL_ONLY_MODE,,,YES,NO,Signal-only mode - no execution
2026-02-20 14:21:44,6912.47,6869.98,6836.33,,BULLISH,,UPTREND,,,,YES,NO,All conditions met
2026-02-20 14:21:46,6912.47,6869.98,6836.33,,BULLISH,92.4,UPTREND,SIGNAL_ONLY_MODE,,,YES,NO,Signal-only mode - no execution
2026-02-20 14:21:46,6912.47,6869.98,6836.33,,BULLISH,,UPTREND,,,,YES,NO,All conditions met
2026-02-20 14:21:49,6912.47,6869.98,6836.33,,BULLISH,92.4,UPTREND,SIGNAL_ONLY_MODE,,,YES,NO,Signal-only mode - no execution
2026-02-20 14:21:49,6912.47,6869.98,6836.33,,BULLISH,,UPTREND,,,,YES,NO,All conditions met
2026-02-20 14:21:51,6912.47,6869.98,6836.33,,BULLISH,92.4,UPTREND,SIGNAL_ONLY_MODE,,,YES,NO,Signal-only mode - no execution
2026-02-20 14:21:51,6912.47,6869.98,6836.33,,BULLISH,,UPTREND,,,,YES,NO,All conditions met
2026-02-20 14:21:53,6912.47,6869.98,6836.33,,BULLISH,92.4,UPTREND,SIGNAL_ONLY_MODE,,,YES,NO,Signal-only mode - no execution
2026-02-20 14:21:53,6912.47,6869.98,6836.33,,BULLISH,,UPTREND,,,,YES,NO,All conditions met
2026-02-20 14:21:56,6912.47,6869.98,6836.33,,BULLISH,92.4,UPTREND,SIGNAL_ONLY_MODE,,,YES,NO,Signal-only mode - no execution
2026-02-20 14:21:56,6912.47,6869.98,6836.33,,BULLISH,,UPTREND,,,,YES,NO,All conditions met
2026-02-20 14:21:58,6912.47,6869.98,6836.33,,BULLISH,92.4,UPTREND,SIGNAL_ONLY_MODE,,,YES,NO,Signal-only mode - no execution
2026-02-20 14:21:58,6912.47,6869.98,6836.33,,BULLISH,,UPTREND,,,,YES,NO,All conditions met
2026-02-20 14:22:00,6912.47,6869.98,6836.33,,BULLISH,92.4,UPTREND,SIGNAL_ONLY_MODE,,,YES,NO,Signal-only mode - no execution
2026-02-20 14:22:00,6912.47,6869.98,6836.33,,BULLISH,,UPTREND,,,,YES,NO,All conditions met
2026-02-20 14:22:03,6912.47,6869.98,6836.33,,BULLISH,92.4,UPTREND,SIGNAL_ONLY_MODE,,,YES,NO,Signal-only mode - no execution
2026-02-20 14:22:03,6912.47,6869.98,6836.33,,BULLISH,,UPTREND,,,,YES,NO,All conditions met
2026-02-20 14:22:05,6912.47,6869.98,6836.33,,BULLISH,92.4,UPTREND,SIGNAL_ONLY_MODE,,,YES,NO,Signal-only mode - no execution
2026-02-20 14:22:05,6912.47,6869.98,6836.33,,BULLISH,,UPTREND,,,,YES,NO,All conditions met
2026-02-20 14:22:07,6912.47,6869.98,6836.33,,BULLISH,92.4,UPTREND,SIGNAL_ONLY_MODE,,,YES,NO,Signal-only mode - no execution
2026-02-20 14:22:07,6912.47,6869.98,6836.33,,BULLISH,,UPTREND,,,,YES,NO,All conditions met
2026-02-20 14:22:10,6912.47,6869.98,6836.33,,BULLISH,92.4,UPTREND,SIGNAL_ONLY_MODE,,,YES,NO,Signal-only mode - no execution
2026-02-20 14:22:10,6912.47,6869.98,6836.33,,BULLISH,,UPTREND,,,,YES,NO,All conditions met
2026-02-20 14:22:12,6912.47,6869.98,6836.33,,BULLISH,92.4,UPTREND,SIGNAL_ONLY_MODE,,,YES,NO,Signal-only mode - no execution
2026-02-20 14:22:12,6912.47,6869.98,6836.33,,BULLISH,,UPTREND,,,,YES,NO,All conditions met
2026-02-20 14:22:14,6912.47,6869.98,6836.33,,BULLISH,92.4,UPTREND,SIGNAL_ONLY_MODE,,,YES,NO,Signal-only mode - no execution
2026-02-20 14:22:14,6912.47,6869.98,6836.33,,BULLISH,,UPTREND,,,,YES,NO,All conditions met
2026-02-20 14:22:16,6912.47,6869.98,6836.33,,BULLISH,92.4,UPTREND,SIGNAL_ONLY_MODE,,,YES,NO,Signal-only mode - no execution
2026-02-20 14:22:16,6912.47,6869.98,6836.33,,BULLISH,,UPTREND,,,,YES,NO,All conditions met
2026-02-20 14:22:19,6912.47,6869.98,6836.33,,BULLISH,92.4,UPTREND,SIGNAL_ONLY_MODE,,,YES,NO,Signal-only mode - no execution
2026-02-20 14:22:19,6912.47,6869.98,6836.33,,BULLISH,,UPTREND,,,,YES,NO,All conditions met
2026-02-20 14:22:21,6912.47,6869.98,6836.33,,BULLISH,92.4,UPTREND,SIGNAL_ONLY_MODE,,,YES,NO,Signal-only mode - no execution
2026-02-20 14:22:21,6912.47,6869.98,6836.33,,BULLISH,,UPTREND,,,,YES,NO,All conditions met
2026-02-20 14:22:23,6912.47,6869.98,6836.33,,BULLISH,92.4,UPTREND,SIGNAL_ONLY_MODE,,,YES,NO,Signal-only mode - no execution
2026-02-20 14:22:23,6912.47,6869.98,6836.33,,BULLISH,,UPTREND,,,,YES,NO,All conditions met
2026-02-20 14:22:26,6912.47,6869.98,6836.33,,BULLISH,92.4,UPTREND,SIGNAL_ONLY_MODE,,,YES,NO,Signal-only mode - no execution
2026-02-20 14:22:26,6912.47,6869.98,6836.33,,BULLISH,,UPTREND,,,,YES,NO,All conditions met
2026-02-20 14:22:28,6912.47,6869.98,6836.33,,BULLISH,92.4,UPTREND,SIGNAL_ONLY_MODE,,,YES,NO,Signal-only mode - no execution
2026-02-20 14:22:28,6912.47,6869.98,6836.33,,BULLISH,,UPTREND,,,,YES,NO,All conditions met
2026-02-20 14:22:30,6912.47,6869.98,6836.33,,BULLISH,92.4,UPTREND,SIGNAL_ONLY_MODE,,,YES,NO,Signal-only mode - no execution
2026-02-20 14:22:30,6912.47,6869.98,6836.33,,BULLISH,,UPTREND,,,,YES,NO,All conditions met
2026-02-20 14:22:33,6912.47,6869.98,6836.33,,BULLISH,92.4,UPTREND,SIGNAL_ONLY_MODE,,,YES,NO,Signal-only mode - no execution
2026-02-20 14:22:33,6912.47,6869.98,6836.33,,BULLISH,,UPTREND,,,,YES,NO,All conditions met
2026-02-20 14:22:35,6912.47,6869.98,6836.33,,BULLISH,92.4,UPTREND,SIGNAL_ONLY_MODE,,,YES,NO,Signal-only mode - no execution
2026-02-20 14:22:35,6912.47,6869.98,6836.33,,BULLISH,,UPTREND,,,,YES,NO,All conditions met
2026-02-20 14:22:37,6912.47,6869.98,6836.33,,BULLISH,92.4,UPTREND,SIGNAL_ONLY_MODE,,,YES,NO,Signal-only mode - no execution
2026-02-20 14:22:37,6912.47,6869.98,6836.33,,BULLISH,,UPTREND,,,,YES,NO,All conditions met
2026-02-20 14:22:40,6912.47,6869.98,6836.33,,BULLISH,92.4,UPTREND,SIGNAL_ONLY_MODE,,,YES,NO,Signal-only mode - no execution
2026-02-20 14:22:40,6912.47,6869.98,6836.33,,BULLISH,,UPTREND,,,,YES,NO,All conditions met
2026-02-20 14:22:42,6912.47,6869.98,6836.33,,BULLISH,92.4,UPTREND,SIGNAL_ONLY_MODE,,,YES,NO,Signal-only mode - no execution
2026-02-20 14:22:42,6912.47,6869.98,6836.33,,BULLISH,,UPTREND,,,,YES,NO,All conditions met
2026-02-20 14:22:44,6912.47,6869.98,6836.33,,BULLISH,92.4,UPTREND,SIGNAL_ONLY_MODE,,,YES,NO,Signal-only mode - no execution
2026-02-20 14:22:44,6912.47,6869.98,6836.33,,BULLISH,,UPTREND,,,,YES,NO,All conditions met
2026-02-20 14:22:47,6912.47,6869.98,6836.33,,BULLISH,92.4,UPTREND,SIGNAL_ONLY_MODE,,,YES,NO,Signal-only mode - no execution
2026-02-20 14:22:47,6912.47,6869.98,6836.33,,BULLISH,,UPTREND,,,,YES,NO,All conditions met
2026-02-20 14:22:50,6912.47,6869.98,6836.33,,BULLISH,92.4,UPTREND,SIGNAL_ONLY_MODE,,,YES,NO,Signal-only mode - no execution
2026-02-20 14:22:50,6912.47,6869.98,6836.33,,BULLISH,,UPTREND,,,,YES,NO,All conditions met
2026-02-20 14:22:52,6912.47,6869.98,6836.33,,BULLISH,92.4,UPTREND,SIGNAL_ONLY_MODE,,,YES,NO,Signal-only mode - no execution
2026-02-20 14:22:52,6912.47,6869.98,6836.33,,BULLISH,,UPTREND,,,,YES,NO,All conditions met
2026-02-20 14:22:55,6912.47,6869.98,6836.33,,BULLISH,92.4,UPTREND,SIGNAL_ONLY_MODE,,,YES,NO,Signal-only mode - no execution
2026-02-20 14:22:55,6912.47,6869.98,6836.33,,BULLISH,,UPTREND,,,,YES,NO,All conditions met
2026-02-20 14:22:57,6912.47,6869.98,6836.33,,BULLISH,92.4,UPTREND,SIGNAL_ONLY_MODE,,,YES,NO,Signal-only mode - no execution
2026-02-20 14:22:57,6912.47,6869.98,6836.33,,BULLISH,,UPTREND,,,,YES,NO,All conditions met
2026-02-20 14:22:59,6912.47,6869.98,6836.33,,BULLISH,92.4,UPTREND,SIGNAL_ONLY_MODE,,,YES,NO,Signal-only mode - no execution
2026-02-20 14:22:59,6912.47,6869.98,6836.33,,BULLISH,,UPTREND,,,,YES,NO,All conditions met
2026-02-20 14:23:02,6912.47,6869.98,6836.33,,BULLISH,92.4,UPTREND,SIGNAL_ONLY_MODE,,,YES,NO,Signal-only mode - no execution
2026-02-20 14:23:02,6912.47,6869.98,6836.33,,BULLISH,,UPTREND,,,,YES,NO,All conditions met
2026-02-20 14:23:04,6912.47,6869.98,6836.33,,BULLISH,92.4,UPTREND,SIGNAL_ONLY_MODE,,,YES,NO,Signal-only mode - no execution
2026-02-20 14:23:04,6912.47,6869.98,6836.33,,BULLISH,,UPTREND,,,,YES,NO,All conditions met
2026-02-20 14:23:06,6912.47,6869.98,6836.33,,BULLISH,92.4,UPTREND,SIGNAL_ONLY_MODE,,,YES,NO,Signal-only mode - no execution
2026-02-20 14:23:06,6912.47,6869.98,6836.33,,BULLISH,,UPTREND,,,,YES,NO,All conditions met
2026-02-20 14:23:09,6912.47,6869.98,6836.33,,BULLISH,92.4,UPTREND,SIGNAL_ONLY_MODE,,,YES,NO,Signal-only mode - no execution
2026-02-20 14:23:09,6912.47,6869.98,6836.33,,BULLISH,,UPTREND,,,,YES,NO,All conditions met
2026-02-20 14:23:11,6912.47,6869.98,6836.33,,BULLISH,92.4,UPTREND,SIGNAL_ONLY_MODE,,,YES,NO,Signal-only mode - no execution
2026-02-20 14:23:11,6912.47,6869.98,6836.33,,BULLISH,,UPTREND,,,,YES,NO,All conditions met
2026-02-20 14:23:13,6912.47,6869.98,6836.33,,BULLISH,92.4,UPTREND,SIGNAL_ONLY_MODE,,,YES,NO,Signal-only mode - no execution
2026-02-20 14:23:13,6912.47,6869.98,6836.33,,BULLISH,,UPTREND,,,,YES,NO,All conditions met
2026-02-20 14:23:16,6912.47,6869.98,6836.33,,BULLISH,92.4,UPTREND,SIGNAL_ONLY_MODE,,,YES,NO,Signal-only mode - no execution
2026-02-20 14:23:16,6912.47,6869.98,6836.33,,BULLISH,,UPTREND,,,,YES,NO,All conditions met
2026-02-20 14:23:18,6912.47,6869.98,6836.33,,BULLISH,92.4,UPTREND,SIGNAL_ONLY_MODE,,,YES,NO,Signal-only mode - no execution
2026-02-20 14:23:18,6912.47,6869.98,6836.33,,BULLISH,,UPTREND,,,,YES,NO,All conditions met
2026-02-20 14:23:20,6912.47,6869.98,6836.33,,BULLISH,92.4,UPTREND,SIGNAL_ONLY_MODE,,,YES,NO,Signal-only mode - no execution
2026-02-20 14:23:20,6912.47,6869.98,6836.33,,BULLISH,,UPTREND,,,,YES,NO,All conditions met
2026-02-20 14:23:22,6912.47,6869.98,6836.33,,BULLISH,92.4,UPTREND,SIGNAL_ONLY_MODE,,,YES,NO,Signal-only mode - no execution
2026-02-20 14:23:22,6912.47,6869.98,6836.33,,BULLISH,,UPTREND,,,,YES,NO,All conditions met
2026-02-20 14:23:25,6912.47,6869.98,6836.33,,BULLISH,92.4,UPTREND,SIGNAL_ONLY_MODE,,,YES,NO,Signal-only mode - no execution
2026-02-20 14:23:25,6912.47,6869.98,6836.33,,BULLISH,,UPTREND,,,,YES,NO,All conditions met
2026-02-20 14:23:27,6912.47,6869.98,6836.33,,BULLISH,92.4,UPTREND,SIGNAL_ONLY_MODE,,,YES,NO,Signal-only mode - no execution
2026-02-20 14:23:27,6912.47,6869.98,6836.33,,BULLISH,,UPTREND,,,,YES,NO,All conditions met
2026-02-20 14:23:29,6912.47,6869.98,6836.33,,BULLISH,92.4,UPTREND,SIGNAL_ONLY_MODE,,,YES,NO,Signal-only mode - no execution
2026-02-20 14:23:29,6912.47,6869.98,6836.33,,BULLISH,,UPTREND,,,,YES,NO,All conditions met
2026-02-20 14:23:32,6912.47,6869.98,6836.33,,BULLISH,92.4,UPTREND,SIGNAL_ONLY_MODE,,,YES,NO,Signal-only mode - no execution
2026-02-20 14:23:32,6912.47,6869.98,6836.33,,BULLISH,,UPTREND,,,,YES,NO,All conditions met
2026-02-20 14:23:34,6912.47,6869.98,6836.33,,BULLISH,92.4,UPTREND,SIGNAL_ONLY_MODE,,,YES,NO,Signal-only mode - no execution
2026-02-20 14:23:34,6912.47,6869.98,6836.33,,BULLISH,,UPTREND,,,,YES,NO,All conditions met
2026-02-20 14:23:36,6912.47,6869.98,6836.33,,BULLISH,92.4,UPTREND,SIGNAL_ONLY_MODE,,,YES,NO,Signal-only mode - no execution
2026-02-20 14:23:36,6912.47,6869.98,6836.33,,BULLISH,,UPTREND,,,,YES,NO,All conditions met
2026-02-20 14:23:39,6912.47,6869.98,6836.33,,BULLISH,92.4,UPTREND,SIGNAL_ONLY_MODE,,,YES,NO,Signal-only mode - no execution
2026-02-20 14:23:39,6912.47,6869.98,6836.33,,BULLISH,,UPTREND,,,,YES,NO,All conditions met
2026-02-20 14:23:41,6912.47,6869.98,6836.33,,BULLISH,92.4,UPTREND,SIGNAL_ONLY_MODE,,,YES,NO,Signal-only mode - no execution
2026-02-20 14:23:41,6912.47,6869.98,6836.33,,BULLISH,,UPTREND,,,,YES,NO,All conditions met
2026-02-20 14:23:43,6912.47,6869.98,6836.33,,BULLISH,92.4,UPTREND,SIGNAL_ONLY_MODE,,,YES,NO,Signal-only mode - no execution
2026-02-20 14:23:43,6912.47,6869.98,6836.33,,BULLISH,,UPTREND,,,,YES,NO,All conditions met
2026-02-20 14:23:46,6912.47,6869.98,6836.33,,BULLISH,92.4,UPTREND,SIGNAL_ONLY_MODE,,,YES,NO,Signal-only mode - no execution
2026-02-20 14:23:46,6912.47,6869.98,6836.33,,BULLISH,,UPTREND,,,,YES,NO,All conditions met
2026-02-20 14:23:48,6912.47,6869.98,6836.33,,BULLISH,92.4,UPTREND,SIGNAL_ONLY_MODE,,,YES,NO,Signal-only mode - no execution
2026-02-20 14:23:48,6912.47,6869.98,6836.33,,BULLISH,,UPTREND,,,,YES,NO,All conditions met
2026-02-20 14:23:50,6912.47,6869.98,6836.33,,BULLISH,92.4,UPTREND,SIGNAL_ONLY_MODE,,,YES,NO,Signal-only mode - no execution
2026-02-20 14:23:50,6912.47,6869.98,6836.33,,BULLISH,,UPTREND,,,,YES,NO,All conditions met
2026-02-20 14:23:53,6912.47,6869.98,6836.33,,BULLISH,92.4,UPTREND,SIGNAL_ONLY_MODE,,,YES,NO,Signal-only mode - no execution
2026-02-20 14:23:53,6912.47,6869.98,6836.33,,BULLISH,,UPTREND,,,,YES,NO,All conditions met
2026-02-20 14:23:55,6912.47,6869.98,6836.33,,BULLISH,92.4,UPTREND,SIGNAL_ONLY_MODE,,,YES,NO,Signal-only mode - no execution
2026-02-20 14:23:55,6912.47,6869.98,6836.33,,BULLISH,,UPTREND,,,,YES,NO,All conditions met
2026-02-20 14:23:57,6912.47,6869.98,6836.33,,BULLISH,92.4,UPTREND,SIGNAL_ONLY_MODE,,,YES,NO,Signal-only mode - no execution
2026-02-20 14:23:57,6912.47,6869.98,6836.33,,BULLISH,,UPTREND,,,,YES,NO,All conditions met
2026-02-20 14:24:01,6912.47,6869.98,6836.33,,BULLISH,92.4,UPTREND,SIGNAL_ONLY_MODE,,,YES,NO,Signal-only mode - no execution
2026-02-20 14:24:01,6912.47,6869.98,6836.33,,BULLISH,,UPTREND,,,,YES,NO,All conditions met
2026-02-20 14:24:03,6912.47,6869.98,6836.33,,BULLISH,92.4,UPTREND,SIGNAL_ONLY_MODE,,,YES,NO,Signal-only mode - no execution
2026-02-20 14:24:03,6912.47,6869.98,6836.33,,BULLISH,,UPTREND,,,,YES,NO,All conditions met
2026-02-20 14:24:05,6912.47,6869.98,6836.33,,BULLISH,92.4,UPTREND,SIGNAL_ONLY_MODE,,,YES,NO,Signal-only mode - no execution
2026-02-20 14:24:05,6912.47,6869.98,6836.33,,BULLISH,,UPTREND,,,,YES,NO,All conditions met
2026-02-20 14:24:08,6912.47,6869.98,6836.33,,BULLISH,92.4,UPTREND,SIGNAL_ONLY_MODE,,,YES,NO,Signal-only mode - no execution
2026-02-20 14:24:08,6912.47,6869.98,6836.33,,BULLISH,,UPTREND,,,,YES,NO,All conditions met
2026-02-20 14:24:10,6912.47,6869.98,6836.33,,BULLISH,92.4,UPTREND,SIGNAL_ONLY_MODE,,,YES,NO,Signal-only mode - no execution
2026-02-20 14:24:10,6912.47,6869.98,6836.33,,BULLISH,,UPTREND,,,,YES,NO,All conditions met
2026-02-20 14:24:12,6912.47,6869.98,6836.33,,BULLISH,92.4,UPTREND,SIGNAL_ONLY_MODE,,,YES,NO,Signal-only mode - no execution
2026-02-20 14:24:12,6912.47,6869.98,6836.33,,BULLISH,,UPTREND,,,,YES,NO,All conditions met
2026-02-20 14:24:15,6912.47,6869.98,6836.33,,BULLISH,92.4,UPTREND,SIGNAL_ONLY_MODE,,,YES,NO,Signal-only mode - no execution
2026-02-20 14:24:15,6912.47,6869.98,6836.33,,BULLISH,,UPTREND,,,,YES,NO,All conditions met
2026-02-20 14:24:17,6912.47,6869.98,6836.33,,BULLISH,92.4,UPTREND,SIGNAL_ONLY_MODE,,,YES,NO,Signal-only mode - no execution
2026-02-20 14:24:17,6912.47,6869.98,6836.33,,BULLISH,,UPTREND,,,,YES,NO,All conditions met
2026-02-20 14:24:19,6912.47,6869.98,6836.33,,BULLISH,92.4,UPTREND,SIGNAL_ONLY_MODE,,,YES,NO,Signal-only mode - no execution
2026-02-20 14:24:19,6912.47,6869.98,6836.33,,BULLISH,,UPTREND,,,,YES,NO,All conditions met
2026-02-20 14:24:22,6912.47,6869.98,6836.33,,BULLISH,92.4,UPTREND,SIGNAL_ONLY_MODE,,,YES,NO,Signal-only mode - no execution
2026-02-20 14:24:22,6912.47,6869.98,6836.33,,BULLISH,,UPTREND,,,,YES,NO,All conditions met
2026-02-20 14:24:24,6912.47,6869.98,6836.33,,BULLISH,92.4,UPTREND,SIGNAL_ONLY_MODE,,,YES,NO,Signal-only mode - no execution
2026-02-20 14:24:24,6912.47,6869.98,6836.33,,BULLISH,,UPTREND,,,,YES,NO,All conditions met
2026-02-20 14:24:26,6912.47,6869.98,6836.33,,BULLISH,92.4,UPTREND,SIGNAL_ONLY_MODE,,,YES,NO,Signal-only mode - no execution
2026-02-20 14:24:26,6912.47,6869.98,6836.33,,BULLISH,,UPTREND,,,,YES,NO,All conditions met
2026-02-20 14:24:28,6912.47,6869.98,6836.33,,BULLISH,92.4,UPTREND,SIGNAL_ONLY_MODE,,,YES,NO,Signal-only mode - no execution
2026-02-20 14:24:28,6912.47,6869.98,6836.33,,BULLISH,,UPTREND,,,,YES,NO,All conditions met
2026-02-20 14:24:31,6912.47,6869.98,6836.33,,BULLISH,92.4,UPTREND,SIGNAL_ONLY_MODE,,,YES,NO,Signal-only mode - no execution
2026-02-20 14:24:31,6912.47,6869.98,6836.33,,BULLISH,,UPTREND,,,,YES,NO,All conditions met
2026-02-20 14:24:33,6912.47,6869.98,6836.33,,BULLISH,92.4,UPTREND,SIGNAL_ONLY_MODE,,,YES,NO,Signal-only mode - no execution
2026-02-20 14:24:33,6912.47,6869.98,6836.33,,BULLISH,,UPTREND,,,,YES,NO,All conditions met
2026-02-20 14:24:35,6912.47,6869.98,6836.33,,BULLISH,92.4,UPTREND,SIGNAL_ONLY_MODE,,,YES,NO,Signal-only mode - no execution
2026-02-20 14:24:35,6912.47,6869.98,6836.33,,BULLISH,,UPTREND,,,,YES,NO,All conditions met
2026-02-20 14:24:38,6912.47,6869.98,6836.33,,BULLISH,92.4,UPTREND,SIGNAL_ONLY_MODE,,,YES,NO,Signal-only mode - no execution
2026-02-20 14:24:38,6912.47,6869.98,6836.33,,BULLISH,,UPTREND,,,,YES,NO,All conditions met
2026-02-20 14:24:40,6912.47,6869.98,6836.33,,BULLISH,92.4,UPTREND,SIGNAL_ONLY_MODE,,,YES,NO,Signal-only mode - no execution
2026-02-20 14:24:40,6912.47,6869.98,6836.33,,BULLISH,,UPTREND,,,,YES,NO,All conditions met
2026-02-20 14:24:42,6912.47,6869.98,6836.33,,BULLISH,92.4,UPTREND,SIGNAL_ONLY_MODE,,,YES,NO,Signal-only mode - no execution
2026-02-20 14:24:42,6912.47,6869.98,6836.33,,BULLISH,,UPTREND,,,,YES,NO,All conditions met
2026-02-20 14:24:45,6912.47,6869.98,6836.33,,BULLISH,92.4,UPTREND,SIGNAL_ONLY_MODE,,,YES,NO,Signal-only mode - no execution
2026-02-20 14:24:45,6912.47,6869.98,6836.33,,BULLISH,,UPTREND,,,,YES,NO,All conditions met
2026-02-20 14:24:47,6912.47,6869.98,6836.33,,BULLISH,92.4,UPTREND,SIGNAL_ONLY_MODE,,,YES,NO,Signal-only mode - no execution
2026-02-20 14:24:47,6912.47,6869.98,6836.33,,BULLISH,,UPTREND,,,,YES,NO,All conditions met
2026-02-20 14:24:49,6912.47,6869.98,6836.33,,BULLISH,92.4,UPTREND,SIGNAL_ONLY_MODE,,,YES,NO,Signal-only mode - no execution
2026-02-20 14:24:49,6912.47,6869.98,6836.33,,BULLISH,,UPTREND,,,,YES,NO,All conditions met
2026-02-20 14:24:52,6912.47,6869.98,6836.33,,BULLISH,92.4,UPTREND,SIGNAL_ONLY_MODE,,,YES,NO,Signal-only mode - no execution
2026-02-20 14:24:52,6912.47,6869.98,6836.33,,BULLISH,,UPTREND,,,,YES,NO,All conditions met
2026-02-20 14:24:54,6912.47,6869.98,6836.33,,BULLISH,92.4,UPTREND,SIGNAL_ONLY_MODE,,,YES,NO,Signal-only mode - no execution
2026-02-20 14:24:54,6912.47,6869.98,6836.33,,BULLISH,,UPTREND,,,,YES,NO,All conditions met
2026-02-20 14:24:56,6912.47,6869.98,6836.33,,BULLISH,92.4,UPTREND,SIGNAL_ONLY_MODE,,,YES,NO,Signal-only mode - no execution
2026-02-20 14:24:56,6912.47,6869.98,6836.33,,BULLISH,,UPTREND,,,,YES,NO,All conditions met
2026-02-20 14:24:59,6912.47,6869.98,6836.33,,BULLISH,92.4,UPTREND,SIGNAL_ONLY_MODE,,,YES,NO,Signal-only mode - no execution
2026-02-20 14:24:59,6912.47,6869.98,6836.33,,BULLISH,,UPTREND,,,,YES,NO,All conditions met
2026-02-20 14:25:01,6912.47,6869.98,6836.33,,BULLISH,92.4,UPTREND,SIGNAL_ONLY_MODE,,,YES,NO,Signal-only mode - no execution
2026-02-20 14:25:01,6912.47,6869.98,6836.33,,BULLISH,,UPTREND,,,,YES,NO,All conditions met
2026-02-20 14:25:03,6912.47,6869.98,6836.33,,BULLISH,92.4,UPTREND,SIGNAL_ONLY_MODE,,,YES,NO,Signal-only mode - no execution
2026-02-20 14:25:03,6912.47,6869.98,6836.33,,BULLISH,,UPTREND,,,,YES,NO,All conditions met
2026-02-20 14:25:06,6912.47,6869.98,6836.33,,BULLISH,92.4,UPTREND,SIGNAL_ONLY_MODE,,,YES,NO,Signal-only mode - no execution
2026-02-20 14:25:06,6912.47,6869.98,6836.33,,BULLISH,,UPTREND,,,,YES,NO,All conditions met
2026-02-20 14:25:08,6912.47,6869.98,6836.33,,BULLISH,92.4,UPTREND,SIGNAL_ONLY_MODE,,,YES,NO,Signal-only mode - no execution
2026-02-20 14:25:08,6912.47,6869.98,6836.33,,BULLISH,,UPTREND,,,,YES,NO,All conditions met
2026-02-20 14:25:11,6912.47,6869.98,6836.33,,BULLISH,92.4,UPTREND,SIGNAL_ONLY_MODE,,,YES,NO,Signal-only mode - no execution
2026-02-20 14:25:11,6912.47,6869.98,6836.33,,BULLISH,,UPTREND,,,,YES,NO,All conditions met
2026-02-20 14:25:14,6912.47,6869.98,6836.33,,BULLISH,92.4,UPTREND,SIGNAL_ONLY_MODE,,,YES,NO,Signal-only mode - no execution
2026-02-20 14:25:14,6912.47,6869.98,6836.33,,BULLISH,,UPTREND,,,,YES,NO,All conditions met
2026-02-20 14:25:16,6912.47,6869.98,6836.33,,BULLISH,92.4,UPTREND,SIGNAL_ONLY_MODE,,,YES,NO,Signal-only mode - no execution
2026-02-20 14:25:16,6912.47,6869.98,6836.33,,BULLISH,,UPTREND,,,,YES,NO,All conditions met
2026-02-20 14:25:18,6912.47,6869.98,6836.33,,BULLISH,92.4,UPTREND,SIGNAL_ONLY_MODE,,,YES,NO,Signal-only mode - no execution
2026-02-20 14:25:18,6912.47,6869.98,6836.33,,BULLISH,,UPTREND,,,,YES,NO,All conditions met
2026-02-20 14:25:20,6912.47,6869.98,6836.33,,BULLISH,92.4,UPTREND,SIGNAL_ONLY_MODE,,,YES,NO,Signal-only mode - no execution
2026-02-20 14:25:20,6912.47,6869.98,6836.33,,BULLISH,,UPTREND,,,,YES,NO,All conditions met
2026-02-20 14:25:23,6912.47,6869.98,6836.33,,BULLISH,92.4,UPTREND,SIGNAL_ONLY_MODE,,,YES,NO,Signal-only mode - no execution
2026-02-20 14:25:23,6912.47,6869.98,6836.33,,BULLISH,,UPTREND,,,,YES,NO,All conditions met
2026-02-20 14:25:25,6912.47,6869.98,6836.33,,BULLISH,92.4,UPTREND,SIGNAL_ONLY_MODE,,,YES,NO,Signal-only mode - no execution
2026-02-20 14:25:25,6912.47,6869.98,6836.33,,BULLISH,,UPTREND,,,,YES,NO,All conditions met
2026-02-20 14:25:27,6912.47,6869.98,6836.33,,BULLISH,92.4,UPTREND,SIGNAL_ONLY_MODE,,,YES,NO,Signal-only mode - no execution
2026-02-20 14:25:27,6912.47,6869.98,6836.33,,BULLISH,,UPTREND,,,,YES,NO,All conditions met
2026-02-20 14:25:30,6912.47,6869.98,6836.33,,BULLISH,92.4,UPTREND,SIGNAL_ONLY_MODE,,,YES,NO,Signal-only mode - no execution
2026-02-20 14:25:30,6912.47,6869.98,6836.33,,BULLISH,,UPTREND,,,,YES,NO,All conditions met
2026-02-20 14:25:32,6912.47,6869.98,6836.33,,BULLISH,92.4,UPTREND,SIGNAL_ONLY_MODE,,,YES,NO,Signal-only mode - no execution
2026-02-20 14:25:32,6912.47,6869.98,6836.33,,BULLISH,,UPTREND,,,,YES,NO,All conditions met
2026-02-20 14:25:34,6912.47,6869.98,6836.33,,BULLISH,92.4,UPTREND,SIGNAL_ONLY_MODE,,,YES,NO,Signal-only mode - no execution
2026-02-20 14:25:34,6912.47,6869.98,6836.33,,BULLISH,,UPTREND,,,,YES,NO,All conditions met
2026-02-20 14:25:37,6912.47,6869.98,6836.33,,BULLISH,92.4,UPTREND,SIGNAL_ONLY_MODE,,,YES,NO,Signal-only mode - no execution
2026-02-20 14:25:37,6912.47,6869.98,6836.33,,BULLISH,,UPTREND,,,,YES,NO,All conditions met
2026-02-20 14:25:39,6912.47,6869.98,6836.33,,BULLISH,92.4,UPTREND,SIGNAL_ONLY_MODE,,,YES,NO,Signal-only mode - no execution
2026-02-20 14:25:39,6912.47,6869.98,6836.33,,BULLISH,,UPTREND,,,,YES,NO,All conditions met
2026-02-20 14:25:41,6912.47,6869.98,6836.33,,BULLISH,92.4,UPTREND,SIGNAL_ONLY_MODE,,,YES,NO,Signal-only mode - no execution
2026-02-20 14:25:41,6912.47,6869.98,6836.33,,BULLISH,,UPTREND,,,,YES,NO,All conditions met
2026-02-20 14:25:44,6912.47,6869.98,6836.33,,BULLISH,92.4,UPTREND,SIGNAL_ONLY_MODE,,,YES,NO,Signal-only mode - no execution
2026-02-20 14:25:44,6912.47,6869.98,6836.33,,BULLISH,,UPTREND,,,,YES,NO,All conditions met
2026-02-20 14:25:46,6912.47,6869.98,6836.33,,BULLISH,92.4,UPTREND,SIGNAL_ONLY_MODE,,,YES,NO,Signal-only mode - no execution
2026-02-20 14:25:46,6912.47,6869.98,6836.33,,BULLISH,,UPTREND,,,,YES,NO,All conditions met
2026-02-20 14:25:48,6912.47,6869.98,6836.33,,BULLISH,92.4,UPTREND,SIGNAL_ONLY_MODE,,,YES,NO,Signal-only mode - no execution
2026-02-20 14:25:48,6912.47,6869.98,6836.33,,BULLISH,,UPTREND,,,,YES,NO,All conditions met
2026-02-20 14:25:51,6912.47,6869.98,6836.33,,BULLISH,92.4,UPTREND,SIGNAL_ONLY_MODE,,,YES,NO,Signal-only mode - no execution
2026-02-20 14:25:51,6912.47,6869.98,6836.33,,BULLISH,,UPTREND,,,,YES,NO,All conditions met
2026-02-20 14:25:53,6912.47,6869.98,6836.33,,BULLISH,92.4,UPTREND,SIGNAL_ONLY_MODE,,,YES,NO,Signal-only mode - no execution
2026-02-20 14:25:53,6912.47,6869.98,6836.33,,BULLISH,,UPTREND,,,,YES,NO,All conditions met
2026-02-20 14:25:55,6912.47,6869.98,6836.33,,BULLISH,92.4,UPTREND,SIGNAL_ONLY_MODE,,,YES,NO,Signal-only mode - no execution
2026-02-20 14:25:55,6912.47,6869.98,6836.33,,BULLISH,,UPTREND,,,,YES,NO,All conditions met
2026-02-20 14:25:58,6912.47,6869.98,6836.33,,BULLISH,92.4,UPTREND,SIGNAL_ONLY_MODE,,,YES,NO,Signal-only mode - no execution
2026-02-20 14:25:58,6912.47,6869.98,6836.33,,BULLISH,,UPTREND,,,,YES,NO,All conditions met
2026-02-20 14:26:00,6912.47,6869.98,6836.33,,BULLISH,92.4,UPTREND,SIGNAL_ONLY_MODE,,,YES,NO,Signal-only mode - no execution
2026-02-20 14:26:00,6912.47,6869.98,6836.33,,BULLISH,,UPTREND,,,,YES,NO,All conditions met
2026-02-20 14:26:02,6912.47,6869.98,6836.33,,BULLISH,92.4,UPTREND,SIGNAL_ONLY_MODE,,,YES,NO,Signal-only mode - no execution
2026-02-20 14:26:02,6912.47,6869.98,6836.33,,BULLISH,,UPTREND,,,,YES,NO,All conditions met
2026-02-20 14:26:04,6912.47,6869.98,6836.33,,BULLISH,92.4,UPTREND,SIGNAL_ONLY_MODE,,,YES,NO,Signal-only mode - no execution
2026-02-20 14:26:04,6912.47,6869.98,6836.33,,BULLISH,,UPTREND,,,,YES,NO,All conditions met
2026-02-20 14:26:07,6912.47,6869.98,6836.33,,BULLISH,92.4,UPTREND,SIGNAL_ONLY_MODE,,,YES,NO,Signal-only mode - no execution
2026-02-20 14:26:07,6912.47,6869.98,6836.33,,BULLISH,,UPTREND,,,,YES,NO,All conditions met
2026-02-20 14:26:09,6912.47,6869.98,6836.33,,BULLISH,92.4,UPTREND,SIGNAL_ONLY_MODE,,,YES,NO,Signal-only mode - no execution
2026-02-20 14:26:09,6912.47,6869.98,6836.33,,BULLISH,,UPTREND,,,,YES,NO,All conditions met
2026-02-20 14:26:12,6912.47,6869.98,6836.33,,BULLISH,92.4,UPTREND,SIGNAL_ONLY_MODE,,,YES,NO,Signal-only mode - no execution
2026-02-20 14:26:12,6912.47,6869.98,6836.33,,BULLISH,,UPTREND,,,,YES,NO,All conditions met
2026-02-20 14:26:14,6912.47,6869.98,6836.33,,BULLISH,92.4,UPTREND,SIGNAL_ONLY_MODE,,,YES,NO,Signal-only mode - no execution
2026-02-20 14:26:14,6912.47,6869.98,6836.33,,BULLISH,,UPTREND,,,,YES,NO,All conditions met
2026-02-20 14:26:16,6912.47,6869.98,6836.33,,BULLISH,92.4,UPTREND,SIGNAL_ONLY_MODE,,,YES,NO,Signal-only mode - no execution
2026-02-20 14:26:16,6912.47,6869.98,6836.33,,BULLISH,,UPTREND,,,,YES,NO,All conditions met
2026-02-20 14:26:18,6912.47,6869.98,6836.33,,BULLISH,92.4,UPTREND,SIGNAL_ONLY_MODE,,,YES,NO,Signal-only mode - no execution
2026-02-20 14:26:18,6912.47,6869.98,6836.33,,BULLISH,,UPTREND,,,,YES,NO,All conditions met
2026-02-20 14:26:22,6912.47,6869.98,6836.33,,BULLISH,92.4,UPTREND,SIGNAL_ONLY_MODE,,,YES,NO,Signal-only mode - no execution
2026-02-20 14:26:22,6912.47,6869.98,6836.33,,BULLISH,,UPTREND,,,,YES,NO,All conditions met
2026-02-20 14:26:24,6912.47,6869.98,6836.33,,BULLISH,92.4,UPTREND,SIGNAL_ONLY_MODE,,,YES,NO,Signal-only mode - no execution
2026-02-20 14:26:24,6912.47,6869.98,6836.33,,BULLISH,,UPTREND,,,,YES,NO,All conditions met
2026-02-20 14:26:26,6912.47,6869.98,6836.33,,BULLISH,92.4,UPTREND,SIGNAL_ONLY_MODE,,,YES,NO,Signal-only mode - no execution
2026-02-20 14:26:26,6912.47,6869.98,6836.33,,BULLISH,,UPTREND,,,,YES,NO,All conditions met
2026-02-20 14:26:29,6912.47,6869.98,6836.33,,BULLISH,92.4,UPTREND,SIGNAL_ONLY_MODE,,,YES,NO,Signal-only mode - no execution
2026-02-20 14:26:29,6912.47,6869.98,6836.33,,BULLISH,,UPTREND,,,,YES,NO,All conditions met
2026-02-20 14:26:31,6912.47,6869.98,6836.33,,BULLISH,92.4,UPTREND,SIGNAL_ONLY_MODE,,,YES,NO,Signal-only mode - no execution
2026-02-20 14:26:31,6912.47,6869.98,6836.33,,BULLISH,,UPTREND,,,,YES,NO,All conditions met
2026-02-20 14:26:33,6912.47,6869.98,6836.33,,BULLISH,92.4,UPTREND,SIGNAL_ONLY_MODE,,,YES,NO,Signal-only mode - no execution
2026-02-20 14:26:33,6912.47,6869.98,6836.33,,BULLISH,,UPTREND,,,,YES,NO,All conditions met
2026-02-20 14:26:36,6912.47,6869.98,6836.33,,BULLISH,92.4,UPTREND,SIGNAL_ONLY_MODE,,,YES,NO,Signal-only mode - no execution
2026-02-20 14:26:36,6912.47,6869.98,6836.33,,BULLISH,,UPTREND,,,,YES,NO,All conditions met
2026-02-20 14:26:38,6912.47,6869.98,6836.33,,BULLISH,92.4,UPTREND,SIGNAL_ONLY_MODE,,,YES,NO,Signal-only mode - no execution
2026-02-20 14:26:38,6912.47,6869.98,6836.33,,BULLISH,,UPTREND,,,,YES,NO,All conditions met
2026-02-20 14:26:40,6912.47,6869.98,6836.33,,BULLISH,92.4,UPTREND,SIGNAL_ONLY_MODE,,,YES,NO,Signal-only mode - no execution
2026-02-20 14:26:40,6912.47,6869.98,6836.33,,BULLISH,,UPTREND,,,,YES,NO,All conditions met
2026-02-20 14:26:43,6912.47,6869.98,6836.33,,BULLISH,92.4,UPTREND,SIGNAL_ONLY_MODE,,,YES,NO,Signal-only mode - no execution
2026-02-20 14:26:43,6912.47,6869.98,6836.33,,BULLISH,,UPTREND,,,,YES,NO,All conditions met
2026-02-20 14:26:45,6912.47,6869.98,6836.33,,BULLISH,92.4,UPTREND,SIGNAL_ONLY_MODE,,,YES,NO,Signal-only mode - no execution
2026-02-20 14:26:45,6912.47,6869.98,6836.33,,BULLISH,,UPTREND,,,,YES,NO,All conditions met
2026-02-20 14:26:47,6912.47,6869.98,6836.33,,BULLISH,92.4,UPTREND,SIGNAL_ONLY_MODE,,,YES,NO,Signal-only mode - no execution
2026-02-20 14:26:47,6912.47,6869.98,6836.33,,BULLISH,,UPTREND,,,,YES,NO,All conditions met
2026-02-20 14:26:50,6912.47,6869.98,6836.33,,BULLISH,92.4,UPTREND,SIGNAL_ONLY_MODE,,,YES,NO,Signal-only mode - no execution
2026-02-20 14:26:50,6912.47,6869.98,6836.33,,BULLISH,,UPTREND,,,,YES,NO,All conditions met
2026-02-20 14:26:52,6912.47,6869.98,6836.33,,BULLISH,92.4,UPTREND,SIGNAL_ONLY_MODE,,,YES,NO,Signal-only mode - no execution
2026-02-20 14:26:52,6912.47,6869.98,6836.33,,BULLISH,,UPTREND,,,,YES,NO,All conditions met
2026-02-20 14:26:54,6912.47,6869.98,6836.33,,BULLISH,92.4,UPTREND,SIGNAL_ONLY_MODE,,,YES,NO,Signal-only mode - no execution
2026-02-20 14:26:54,6912.47,6869.98,6836.33,,BULLISH,,UPTREND,,,,YES,NO,All conditions met
2026-02-20 14:26:57,6912.47,6869.98,6836.33,,BULLISH,92.4,UPTREND,SIGNAL_ONLY_MODE,,,YES,NO,Signal-only mode - no execution
2026-02-20 14:26:57,6912.47,6869.98,6836.33,,BULLISH,,UPTREND,,,,YES,NO,All conditions met
2026-02-20 14:26:59,6912.47,6869.98,6836.33,,BULLISH,92.4,UPTREND,SIGNAL_ONLY_MODE,,,YES,NO,Signal-only mode - no execution
2026-02-20 14:26:59,6912.47,6869.98,6836.33,,BULLISH,,UPTREND,,,,YES,NO,All conditions met
2026-02-20 14:27:01,6912.47,6869.98,6836.33,,BULLISH,92.4,UPTREND,SIGNAL_ONLY_MODE,,,YES,NO,Signal-only mode - no execution
2026-02-20 14:27:01,6912.47,6869.98,6836.33,,BULLISH,,UPTREND,,,,YES,NO,All conditions met
2026-02-20 14:27:03,6912.47,6869.98,6836.33,,BULLISH,92.4,UPTREND,SIGNAL_ONLY_MODE,,,YES,NO,Signal-only mode - no execution
2026-02-20 14:27:03,6912.47,6869.98,6836.33,,BULLISH,,UPTREND,,,,YES,NO,All conditions met
2026-02-20 14:27:06,6912.47,6869.98,6836.33,,BULLISH,92.4,UPTREND,SIGNAL_ONLY_MODE,,,YES,NO,Signal-only mode - no execution
2026-02-20 14:27:06,6912.47,6869.98,6836.33,,BULLISH,,UPTREND,,,,YES,NO,All conditions met
2026-02-20 14:27:08,6912.47,6869.98,6836.33,,BULLISH,92.4,UPTREND,SIGNAL_ONLY_MODE,,,YES,NO,Signal-only mode - no execution
2026-02-20 14:27:08,6912.47,6869.98,6836.33,,BULLISH,,UPTREND,,,,YES,NO,All conditions met
2026-02-20 14:27:10,6912.47,6869.98,6836.33,,BULLISH,92.4,UPTREND,SIGNAL_ONLY_MODE,,,YES,NO,Signal-only mode - no execution
2026-02-20 14:27:10,6912.47,6869.98,6836.33,,BULLISH,,UPTREND,,,,YES,NO,All conditions met
2026-02-20 14:27:13,6912.47,6869.98,6836.33,,BULLISH,92.4,UPTREND,SIGNAL_ONLY_MODE,,,YES,NO,Signal-only mode - no execution
2026-02-20 14:27:13,6912.47,6869.98,6836.33,,BULLISH,,UPTREND,,,,YES,NO,All conditions met
2026-02-20 14:27:15,6912.47,6869.98,6836.33,,BULLISH,92.4,UPTREND,SIGNAL_ONLY_MODE,,,YES,NO,Signal-only mode - no execution
2026-02-20 14:27:15,6912.47,6869.98,6836.33,,BULLISH,,UPTREND,,,,YES,NO,All conditions met
2026-02-20 14:27:18,6912.47,6869.98,6836.33,,BULLISH,92.4,UPTREND,SIGNAL_ONLY_MODE,,,YES,NO,Signal-only mode - no execution
2026-02-20 14:27:18,6912.47,6869.98,6836.33,,BULLISH,,UPTREND,,,,YES,NO,All conditions met
2026-02-20 14:27:20,6912.47,6869.98,6836.33,,BULLISH,92.4,UPTREND,SIGNAL_ONLY_MODE,,,YES,NO,Signal-only mode - no execution
2026-02-20 14:27:20,6912.47,6869.98,6836.33,,BULLISH,,UPTREND,,,,YES,NO,All conditions met
2026-02-20 14:27:22,6912.47,6869.98,6836.33,,BULLISH,92.4,UPTREND,SIGNAL_ONLY_MODE,,,YES,NO,Signal-only mode - no execution
2026-02-20 14:27:22,6912.47,6869.98,6836.33,,BULLISH,,UPTREND,,,,YES,NO,All conditions met
2026-02-20 14:27:25,6912.47,6869.98,6836.33,,BULLISH,92.4,UPTREND,SIGNAL_ONLY_MODE,,,YES,NO,Signal-only mode - no execution
2026-02-20 14:27:25,6912.47,6869.98,6836.33,,BULLISH,,UPTREND,,,,YES,NO,All conditions met
2026-02-20 14:27:27,6912.47,6869.98,6836.33,,BULLISH,92.4,UPTREND,SIGNAL_ONLY_MODE,,,YES,NO,Signal-only mode - no execution
2026-02-20 14:27:27,6912.47,6869.98,6836.33,,BULLISH,,UPTREND,,,,YES,NO,All conditions met
2026-02-20 14:27:29,6912.47,6869.98,6836.33,,BULLISH,92.4,UPTREND,SIGNAL_ONLY_MODE,,,YES,NO,Signal-only mode - no execution
2026-02-20 14:27:29,6912.47,6869.98,6836.33,,BULLISH,,UPTREND,,,,YES,NO,All conditions met
2026-02-20 14:27:32,6912.47,6869.98,6836.33,,BULLISH,92.4,UPTREND,SIGNAL_ONLY_MODE,,,YES,NO,Signal-only mode - no execution
2026-02-20 14:27:32,6912.47,6869.98,6836.33,,BULLISH,,UPTREND,,,,YES,NO,All conditions met
2026-02-20 14:27:35,6912.47,6869.98,6836.33,,BULLISH,92.4,UPTREND,SIGNAL_ONLY_MODE,,,YES,NO,Signal-only mode - no execution
2026-02-20 14:27:35,6912.47,6869.98,6836.33,,BULLISH,,UPTREND,,,,YES,NO,All conditions met
2026-02-20 14:27:37,6912.47,6869.98,6836.33,,BULLISH,92.4,UPTREND,SIGNAL_ONLY_MODE,,,YES,NO,Signal-only mode - no execution
2026-02-20 14:27:37,6912.47,6869.98,6836.33,,BULLISH,,UPTREND,,,,YES,NO,All conditions met
2026-02-20 14:27:39,6912.47,6869.98,6836.33,,BULLISH,92.4,UPTREND,SIGNAL_ONLY_MODE,,,YES,NO,Signal-only mode - no execution
2026-02-20 14:27:39,6912.47,6869.98,6836.33,,BULLISH,,UPTREND,,,,YES,NO,All conditions met
2026-02-20 14:27:42,6912.47,6869.98,6836.33,,BULLISH,92.4,UPTREND,SIGNAL_ONLY_MODE,,,YES,NO,Signal-only mode - no execution
2026-02-20 14:27:42,6912.47,6869.98,6836.33,,BULLISH,,UPTREND,,,,YES,NO,All conditions met
2026-02-20 14:27:44,6912.47,6869.98,6836.33,,BULLISH,92.4,UPTREND,SIGNAL_ONLY_MODE,,,YES,NO,Signal-only mode - no execution
2026-02-20 14:27:44,6912.47,6869.98,6836.33,,BULLISH,,UPTREND,,,,YES,NO,All conditions met
2026-02-20 14:27:46,6912.47,6869.98,6836.33,,BULLISH,92.4,UPTREND,SIGNAL_ONLY_MODE,,,YES,NO,Signal-only mode - no execution
2026-02-20 14:27:46,6912.47,6869.98,6836.33,,BULLISH,,UPTREND,,,,YES,NO,All conditions met
2026-02-20 14:27:49,6912.47,6869.98,6836.33,,BULLISH,92.4,UPTREND,SIGNAL_ONLY_MODE,,,YES,NO,Signal-only mode - no execution
2026-02-20 14:27:49,6912.47,6869.98,6836.33,,BULLISH,,UPTREND,,,,YES,NO,All conditions met
2026-02-20 14:27:51,6912.47,6869.98,6836.33,,BULLISH,92.4,UPTREND,SIGNAL_ONLY_MODE,,,YES,NO,Signal-only mode - no execution
2026-02-20 14:27:51,6912.47,6869.98,6836.33,,BULLISH,,UPTREND,,,,YES,NO,All conditions met
2026-02-20 14:27:53,6912.47,6869.98,6836.33,,BULLISH,92.4,UPTREND,SIGNAL_ONLY_MODE,,,YES,NO,Signal-only mode - no execution
2026-02-20 14:27:53,6912.47,6869.98,6836.33,,BULLISH,,UPTREND,,,,YES,NO,All conditions met
2026-02-20 14:27:56,6912.47,6869.98,6836.33,,BULLISH,92.4,UPTREND,SIGNAL_ONLY_MODE,,,YES,NO,Signal-only mode - no execution
2026-02-20 14:27:56,6912.47,6869.98,6836.33,,BULLISH,,UPTREND,,,,YES,NO,All conditions met
2026-02-20 14:27:58,6912.47,6869.98,6836.33,,BULLISH,92.4,UPTREND,SIGNAL_ONLY_MODE,,,YES,NO,Signal-only mode - no execution
2026-02-20 14:27:58,6912.47,6869.98,6836.33,,BULLISH,,UPTREND,,,,YES,NO,All conditions met
2026-02-20 14:28:00,6912.47,6869.98,6836.33,,BULLISH,92.4,UPTREND,SIGNAL_ONLY_MODE,,,YES,NO,Signal-only mode - no execution
2026-02-20 14:28:00,6912.47,6869.98,6836.33,,BULLISH,,UPTREND,,,,YES,NO,All conditions met
2026-02-20 14:28:03,6912.47,6869.98,6836.33,,BULLISH,92.4,UPTREND,SIGNAL_ONLY_MODE,,,YES,NO,Signal-only mode - no execution
2026-02-20 14:28:03,6912.47,6869.98,6836.33,,BULLISH,,UPTREND,,,,YES,NO,All conditions met
2026-02-20 14:28:05,6912.47,6869.98,6836.33,,BULLISH,92.4,UPTREND,SIGNAL_ONLY_MODE,,,YES,NO,Signal-only mode - no execution
2026-02-20 14:28:05,6912.47,6869.98,6836.33,,BULLISH,,UPTREND,,,,YES,NO,All conditions met
2026-02-20 14:28:07,6912.47,6869.98,6836.33,,BULLISH,92.4,UPTREND,SIGNAL_ONLY_MODE,,,YES,NO,Signal-only mode - no execution
2026-02-20 14:28:07,6912.47,6869.98,6836.33,,BULLISH,,UPTREND,,,,YES,NO,All conditions met
2026-02-20 14:28:10,6912.47,6869.98,6836.33,,BULLISH,92.4,UPTREND,SIGNAL_ONLY_MODE,,,YES,NO,Signal-only mode - no execution
2026-02-20 14:28:10,6912.47,6869.98,6836.33,,BULLISH,,UPTREND,,,,YES,NO,All conditions met
2026-02-20 14:28:12,6912.47,6869.98,6836.33,,BULLISH,92.4,UPTREND,SIGNAL_ONLY_MODE,,,YES,NO,Signal-only mode - no execution
2026-02-20 14:28:12,6912.47,6869.98,6836.33,,BULLISH,,UPTREND,,,,YES,NO,All conditions met
2026-02-20 14:28:14,6912.47,6869.98,6836.33,,BULLISH,92.4,UPTREND,SIGNAL_ONLY_MODE,,,YES,NO,Signal-only mode - no execution
2026-02-20 14:28:14,6912.47,6869.98,6836.33,,BULLISH,,UPTREND,,,,YES,NO,All conditions met
2026-02-20 14:28:16,6912.47,6869.98,6836.33,,BULLISH,92.4,UPTREND,SIGNAL_ONLY_MODE,,,YES,NO,Signal-only mode - no execution
2026-02-20 14:28:16,6912.47,6869.98,6836.33,,BULLISH,,UPTREND,,,,YES,NO,All conditions met
2026-02-20 14:28:19,6912.47,6869.98,6836.33,,BULLISH,92.4,UPTREND,SIGNAL_ONLY_MODE,,,YES,NO,Signal-only mode - no execution
2026-02-20 14:28:19,6912.47,6869.98,6836.33,,BULLISH,,UPTREND,,,,YES,NO,All conditions met
2026-02-20 14:28:21,6912.47,6869.98,6836.33,,BULLISH,92.4,UPTREND,SIGNAL_ONLY_MODE,,,YES,NO,Signal-only mode - no execution
2026-02-20 14:28:21,6912.47,6869.98,6836.33,,BULLISH,,UPTREND,,,,YES,NO,All conditions met
2026-02-20 14:28:23,6912.47,6869.98,6836.33,,BULLISH,92.4,UPTREND,SIGNAL_ONLY_MODE,,,YES,NO,Signal-only mode - no execution
2026-02-20 14:28:23,6912.47,6869.98,6836.33,,BULLISH,,UPTREND,,,,YES,NO,All conditions met
2026-02-20 14:28:26,6912.47,6869.98,6836.33,,BULLISH,92.4,UPTREND,SIGNAL_ONLY_MODE,,,YES,NO,Signal-only mode - no execution
2026-02-20 14:28:26,6912.47,6869.98,6836.33,,BULLISH,,UPTREND,,,,YES,NO,All conditions met
2026-02-20 14:28:28,6912.47,6869.98,6836.33,,BULLISH,92.4,UPTREND,SIGNAL_ONLY_MODE,,,YES,NO,Signal-only mode - no execution
2026-02-20 14:28:28,6912.47,6869.98,6836.33,,BULLISH,,UPTREND,,,,YES,NO,All conditions met
2026-02-20 14:28:30,6912.47,6869.98,6836.33,,BULLISH,92.4,UPTREND,SIGNAL_ONLY_MODE,,,YES,NO,Signal-only mode - no execution
2026-02-20 14:28:30,6912.47,6869.98,6836.33,,BULLISH,,UPTREND,,,,YES,NO,All conditions met
2026-02-20 14:28:33,6912.47,6869.98,6836.33,,BULLISH,92.4,UPTREND,SIGNAL_ONLY_MODE,,,YES,NO,Signal-only mode - no execution
2026-02-20 14:28:33,6912.47,6869.98,6836.33,,BULLISH,,UPTREND,,,,YES,NO,All conditions met
2026-02-20 14:28:35,6912.47,6869.98,6836.33,,BULLISH,92.4,UPTREND,SIGNAL_ONLY_MODE,,,YES,NO,Signal-only mode - no execution
2026-02-20 14:28:35,6912.47,6869.98,6836.33,,BULLISH,,UPTREND,,,,YES,NO,All conditions met
2026-02-20 14:28:37,6912.47,6869.98,6836.33,,BULLISH,92.4,UPTREND,SIGNAL_ONLY_MODE,,,YES,NO,Signal-only mode - no execution
2026-02-20 14:28:37,6912.47,6869.98,6836.33,,BULLISH,,UPTREND,,,,YES,NO,All conditions met
2026-02-20 14:28:40,6912.47,6869.98,6836.33,,BULLISH,92.4,UPTREND,SIGNAL_ONLY_MODE,,,YES,NO,Signal-only mode - no execution
2026-02-20 14:28:40,6912.47,6869.98,6836.33,,BULLISH,,UPTREND,,,,YES,NO,All conditions met
2026-02-20 14:28:43,6912.47,6869.98,6836.33,,BULLISH,92.4,UPTREND,SIGNAL_ONLY_MODE,,,YES,NO,Signal-only mode - no execution
2026-02-20 14:28:43,6912.47,6869.98,6836.33,,BULLISH,,UPTREND,,,,YES,NO,All conditions met
2026-02-20 14:28:45,6912.47,6869.98,6836.33,,BULLISH,92.4,UPTREND,SIGNAL_ONLY_MODE,,,YES,NO,Signal-only mode - no execution
2026-02-20 14:28:45,6912.47,6869.98,6836.33,,BULLISH,,UPTREND,,,,YES,NO,All conditions met
2026-02-20 14:28:48,6912.47,6869.98,6836.33,,BULLISH,92.4,UPTREND,SIGNAL_ONLY_MODE,,,YES,NO,Signal-only mode - no execution
2026-02-20 14:28:48,6912.47,6869.98,6836.33,,BULLISH,,UPTREND,,,,YES,NO,All conditions met
2026-02-20 14:28:50,6912.47,6869.98,6836.33,,BULLISH,92.4,UPTREND,SIGNAL_ONLY_MODE,,,YES,NO,Signal-only mode - no execution
2026-02-20 14:28:50,6912.47,6869.98,6836.33,,BULLISH,,UPTREND,,,,YES,NO,All conditions met
2026-02-20 14:28:52,6912.47,6869.98,6836.33,,BULLISH,92.4,UPTREND,SIGNAL_ONLY_MODE,,,YES,NO,Signal-only mode - no execution
2026-02-20 14:28:52,6912.47,6869.98,6836.33,,BULLISH,,UPTREND,,,,YES,NO,All conditions met
2026-02-20 14:28:55,6912.47,6869.98,6836.33,,BULLISH,92.4,UPTREND,SIGNAL_ONLY_MODE,,,YES,NO,Signal-only mode - no execution
2026-02-20 14:28:55,6912.47,6869.98,6836.33,,BULLISH,,UPTREND,,,,YES,NO,All conditions met
2026-02-20 14:28:57,6912.47,6869.98,6836.33,,BULLISH,92.4,UPTREND,SIGNAL_ONLY_MODE,,,YES,NO,Signal-only mode - no execution
2026-02-20 14:28:57,6912.47,6869.98,6836.33,,BULLISH,,UPTREND,,,,YES,NO,All conditions met
2026-02-20 14:28:59,6912.47,6869.98,6836.33,,BULLISH,92.4,UPTREND,SIGNAL_ONLY_MODE,,,YES,NO,Signal-only mode - no execution
2026-02-20 14:28:59,6912.47,6869.98,6836.33,,BULLISH,,UPTREND,,,,YES,NO,All conditions met
2026-02-20 14:29:01,6912.47,6869.98,6836.33,,BULLISH,92.4,UPTREND,SIGNAL_ONLY_MODE,,,YES,NO,Signal-only mode - no execution
2026-02-20 14:29:01,6912.47,6869.98,6836.33,,BULLISH,,UPTREND,,,,YES,NO,All conditions met
2026-02-20 14:29:04,6912.47,6869.98,6836.33,,BULLISH,92.4,UPTREND,SIGNAL_ONLY_MODE,,,YES,NO,Signal-only mode - no execution
2026-02-20 14:29:04,6912.47,6869.98,6836.33,,BULLISH,,UPTREND,,,,YES,NO,All conditions met
2026-02-20 14:29:06,6912.47,6869.98,6836.33,,BULLISH,92.4,UPTREND,SIGNAL_ONLY_MODE,,,YES,NO,Signal-only mode - no execution
2026-02-20 14:29:06,6912.47,6869.98,6836.33,,BULLISH,,UPTREND,,,,YES,NO,All conditions met
2026-02-20 14:29:08,6912.47,6869.98,6836.33,,BULLISH,92.4,UPTREND,SIGNAL_ONLY_MODE,,,YES,NO,Signal-only mode - no execution
2026-02-20 14:29:08,6912.47,6869.98,6836.33,,BULLISH,,UPTREND,,,,YES,NO,All conditions met
2026-02-20 14:29:11,6912.47,6869.98,6836.33,,BULLISH,92.4,UPTREND,SIGNAL_ONLY_MODE,,,YES,NO,Signal-only mode - no execution
2026-02-20 14:29:11,6912.47,6869.98,6836.33,,BULLISH,,UPTREND,,,,YES,NO,All conditions met
2026-02-20 14:29:13,6912.47,6869.98,6836.33,,BULLISH,92.4,UPTREND,SIGNAL_ONLY_MODE,,,YES,NO,Signal-only mode - no execution
2026-02-20 14:29:13,6912.47,6869.98,6836.33,,BULLISH,,UPTREND,,,,YES,NO,All conditions met
2026-02-20 14:29:15,6912.47,6869.98,6836.33,,BULLISH,92.4,UPTREND,SIGNAL_ONLY_MODE,,,YES,NO,Signal-only mode - no execution
2026-02-20 14:29:15,6912.47,6869.98,6836.33,,BULLISH,,UPTREND,,,,YES,NO,All conditions met
2026-02-20 14:29:18,6912.47,6869.98,6836.33,,BULLISH,92.4,UPTREND,SIGNAL_ONLY_MODE,,,YES,NO,Signal-only mode - no execution
2026-02-20 14:29:18,6912.47,6869.98,6836.33,,BULLISH,,UPTREND,,,,YES,NO,All conditions met
2026-02-20 14:29:20,6912.47,6869.98,6836.33,,BULLISH,92.4,UPTREND,SIGNAL_ONLY_MODE,,,YES,NO,Signal-only mode - no execution
2026-02-20 14:29:20,6912.47,6869.98,6836.33,,BULLISH,,UPTREND,,,,YES,NO,All conditions met
2026-02-20 14:29:22,6912.47,6869.98,6836.33,,BULLISH,92.4,UPTREND,SIGNAL_ONLY_MODE,,,YES,NO,Signal-only mode - no execution
2026-02-20 14:29:22,6912.47,6869.98,6836.33,,BULLISH,,UPTREND,,,,YES,NO,All conditions met
2026-02-20 14:29:25,6912.47,6869.98,6836.33,,BULLISH,92.4,UPTREND,SIGNAL_ONLY_MODE,,,YES,NO,Signal-only mode - no execution
2026-02-20 14:29:25,6912.47,6869.98,6836.33,,BULLISH,,UPTREND,,,,YES,NO,All conditions met
2026-02-20 14:29:27,6912.47,6869.98,6836.33,,BULLISH,92.4,UPTREND,SIGNAL_ONLY_MODE,,,YES,NO,Signal-only mode - no execution
2026-02-20 14:29:27,6912.47,6869.98,6836.33,,BULLISH,,UPTREND,,,,YES,NO,All conditions met
2026-02-20 14:29:29,6912.47,6869.98,6836.33,,BULLISH,92.4,UPTREND,SIGNAL_ONLY_MODE,,,YES,NO,Signal-only mode - no execution
2026-02-20 14:29:29,6912.47,6869.98,6836.33,,BULLISH,,UPTREND,,,,YES,NO,All conditions met
2026-02-20 14:29:32,6912.47,6869.98,6836.33,,BULLISH,92.4,UPTREND,SIGNAL_ONLY_MODE,,,YES,NO,Signal-only mode - no execution
2026-02-20 14:29:32,6912.47,6869.98,6836.33,,BULLISH,,UPTREND,,,,YES,NO,All conditions met
2026-02-20 14:29:34,6912.47,6869.98,6836.33,,BULLISH,92.4,UPTREND,SIGNAL_ONLY_MODE,,,YES,NO,Signal-only mode - no execution
2026-02-20 14:29:34,6912.47,6869.98,6836.33,,BULLISH,,UPTREND,,,,YES,NO,All conditions met
2026-02-20 14:29:36,6912.47,6869.98,6836.33,,BULLISH,92.4,UPTREND,SIGNAL_ONLY_MODE,,,YES,NO,Signal-only mode - no execution
2026-02-20 14:29:36,6912.47,6869.98,6836.33,,BULLISH,,UPTREND,,,,YES,NO,All conditions met
2026-02-20 14:29:39,6912.47,6869.98,6836.33,,BULLISH,92.4,UPTREND,SIGNAL_ONLY_MODE,,,YES,NO,Signal-only mode - no execution
2026-02-20 14:29:39,6912.47,6869.98,6836.33,,BULLISH,,UPTREND,,,,YES,NO,All conditions met
2026-02-20 14:29:41,6912.47,6869.98,6836.33,,BULLISH,92.4,UPTREND,SIGNAL_ONLY_MODE,,,YES,NO,Signal-only mode - no execution
2026-02-20 14:29:41,6912.47,6869.98,6836.33,,BULLISH,,UPTREND,,,,YES,NO,All conditions met
2026-02-20 14:29:43,6912.47,6869.98,6836.33,,BULLISH,92.4,UPTREND,SIGNAL_ONLY_MODE,,,YES,NO,Signal-only mode - no execution
2026-02-20 14:29:43,6912.47,6869.98,6836.33,,BULLISH,,UPTREND,,,,YES,NO,All conditions met
2026-02-20 14:29:46,6912.47,6869.98,6836.33,,BULLISH,92.4,UPTREND,SIGNAL_ONLY_MODE,,,YES,NO,Signal-only mode - no execution
2026-02-20 14:29:46,6912.47,6869.98,6836.33,,BULLISH,,UPTREND,,,,YES,NO,All conditions met
2026-02-20 14:29:48,6912.47,6869.98,6836.33,,BULLISH,92.4,UPTREND,SIGNAL_ONLY_MODE,,,YES,NO,Signal-only mode - no execution
2026-02-20 14:29:48,6912.47,6869.98,6836.33,,BULLISH,,UPTREND,,,,YES,NO,All conditions met
2026-02-20 14:29:50,6912.47,6869.98,6836.33,,BULLISH,92.4,UPTREND,SIGNAL_ONLY_MODE,,,YES,NO,Signal-only mode - no execution
2026-02-20 14:29:50,6912.47,6869.98,6836.33,,BULLISH,,UPTREND,,,,YES,NO,All conditions met
2026-02-20 14:29:54,6912.47,6869.98,6836.33,,BULLISH,92.4,UPTREND,SIGNAL_ONLY_MODE,,,YES,NO,Signal-only mode - no execution
2026-02-20 14:29:54,6912.47,6869.98,6836.33,,BULLISH,,UPTREND,,,,YES,NO,All conditions met
2026-02-20 14:29:56,6912.47,6869.98,6836.33,,BULLISH,92.4,UPTREND,SIGNAL_ONLY_MODE,,,YES,NO,Signal-only mode - no execution
2026-02-20 14:29:56,6912.47,6869.98,6836.33,,BULLISH,,UPTREND,,,,YES,NO,All conditions met
2026-02-20 14:29:58,6912.47,6869.98,6836.33,,BULLISH,92.4,UPTREND,SIGNAL_ONLY_MODE,,,YES,NO,Signal-only mode - no execution
2026-02-20 14:29:58,6912.47,6869.98,6836.33,,BULLISH,,UPTREND,,,,YES,NO,All conditions met
2026-02-20 14:30:01,6912.47,6869.98,6836.33,,BULLISH,92.4,UPTREND,SIGNAL_ONLY_MODE,,,YES,NO,Signal-only mode - no execution
2026-02-20 14:30:01,6912.47,6869.98,6836.33,,BULLISH,,UPTREND,,,,YES,NO,All conditions met
2026-02-20 14:30:03,6912.47,6869.98,6836.33,,BULLISH,92.4,UPTREND,SIGNAL_ONLY_MODE,,,YES,NO,Signal-only mode - no execution
2026-02-20 14:30:03,6912.47,6869.98,6836.33,,BULLISH,,UPTREND,,,,YES,NO,All conditions met
2026-02-20 14:30:05,6912.47,6869.98,6836.33,,BULLISH,92.4,UPTREND,SIGNAL_ONLY_MODE,,,YES,NO,Signal-only mode - no execution
2026-02-20 14:30:05,6912.47,6869.98,6836.33,,BULLISH,,UPTREND,,,,YES,NO,All conditions met
2026-02-20 14:30:07,6912.47,6869.98,6836.33,,BULLISH,92.4,UPTREND,SIGNAL_ONLY_MODE,,,YES,NO,Signal-only mode - no execution
2026-02-20 14:30:07,6912.47,6869.98,6836.33,,BULLISH,,UPTREND,,,,YES,NO,All conditions met
2026-02-20 14:30:10,6912.47,6869.98,6836.33,,BULLISH,92.4,UPTREND,SIGNAL_ONLY_MODE,,,YES,NO,Signal-only mode - no execution
2026-02-20 14:30:10,6912.47,6869.98,6836.33,,BULLISH,,UPTREND,,,,YES,NO,All conditions met
2026-02-20 14:30:12,6912.47,6869.98,6836.33,,BULLISH,92.4,UPTREND,SIGNAL_ONLY_MODE,,,YES,NO,Signal-only mode - no execution
2026-02-20 14:30:12,6912.47,6869.98,6836.33,,BULLISH,,UPTREND,,,,YES,NO,All conditions met
2026-02-20 14:30:14,6912.47,6869.98,6836.33,,BULLISH,92.4,UPTREND,SIGNAL_ONLY_MODE,,,YES,NO,Signal-only mode - no execution
2026-02-20 14:30:14,6912.47,6869.98,6836.33,,BULLISH,,UPTREND,,,,YES,NO,All conditions met
2026-02-20 14:30:17,6912.47,6869.98,6836.33,,BULLISH,92.4,UPTREND,SIGNAL_ONLY_MODE,,,YES,NO,Signal-only mode - no execution
2026-02-20 14:30:17,6912.47,6869.98,6836.33,,BULLISH,,UPTREND,,,,YES,NO,All conditions met
2026-02-20 14:30:19,6912.47,6869.98,6836.33,,BULLISH,92.4,UPTREND,SIGNAL_ONLY_MODE,,,YES,NO,Signal-only mode - no execution
2026-02-20 14:30:19,6912.47,6869.98,6836.33,,BULLISH,,UPTREND,,,,YES,NO,All conditions met
2026-02-20 14:30:21,6912.47,6869.98,6836.33,,BULLISH,92.4,UPTREND,SIGNAL_ONLY_MODE,,,YES,NO,Signal-only mode - no execution
2026-02-20 14:30:21,6912.47,6869.98,6836.33,,BULLISH,,UPTREND,,,,YES,NO,All conditions met
2026-02-20 14:30:24,6912.47,6869.98,6836.33,,BULLISH,92.4,UPTREND,SIGNAL_ONLY_MODE,,,YES,NO,Signal-only mode - no execution
2026-02-20 14:30:24,6912.47,6869.98,6836.33,,BULLISH,,UPTREND,,,,YES,NO,All conditions met
2026-02-20 14:30:26,6912.47,6869.98,6836.33,,BULLISH,92.4,UPTREND,SIGNAL_ONLY_MODE,,,YES,NO,Signal-only mode - no execution
2026-02-20 14:30:26,6912.47,6869.98,6836.33,,BULLISH,,UPTREND,,,,YES,NO,All conditions met
2026-02-20 14:30:28,6912.47,6869.98,6836.33,,BULLISH,92.4,UPTREND,SIGNAL_ONLY_MODE,,,YES,NO,Signal-only mode - no execution
2026-02-20 14:30:28,6912.47,6869.98,6836.33,,BULLISH,,UPTREND,,,,YES,NO,All conditions met
2026-02-20 14:30:31,6912.47,6869.98,6836.33,,BULLISH,92.4,UPTREND,SIGNAL_ONLY_MODE,,,YES,NO,Signal-only mode - no execution
2026-02-20 14:30:31,6912.47,6869.98,6836.33,,BULLISH,,UPTREND,,,,YES,NO,All conditions met
2026-02-20 14:30:33,6912.47,6869.98,6836.33,,BULLISH,92.4,UPTREND,SIGNAL_ONLY_MODE,,,YES,NO,Signal-only mode - no execution
2026-02-20 14:30:33,6912.47,6869.98,6836.33,,BULLISH,,UPTREND,,,,YES,NO,All conditions met
2026-02-20 14:30:35,6912.47,6869.98,6836.33,,BULLISH,92.4,UPTREND,SIGNAL_ONLY_MODE,,,YES,NO,Signal-only mode - no execution
2026-02-20 14:30:35,6912.47,6869.98,6836.33,,BULLISH,,UPTREND,,,,YES,NO,All conditions met
2026-02-20 14:30:37,6912.47,6869.98,6836.33,,BULLISH,92.4,UPTREND,SIGNAL_ONLY_MODE,,,YES,NO,Signal-only mode - no execution
2026-02-20 14:30:37,6912.47,6869.98,6836.33,,BULLISH,,UPTREND,,,,YES,NO,All conditions met
2026-02-20 14:30:40,6912.47,6869.98,6836.33,,BULLISH,92.4,UPTREND,SIGNAL_ONLY_MODE,,,YES,NO,Signal-only mode - no execution
2026-02-20 14:30:40,6912.47,6869.98,6836.33,,BULLISH,,UPTREND,,,,YES,NO,All conditions met
2026-02-20 14:30:42,6912.47,6869.98,6836.33,,BULLISH,92.4,UPTREND,SIGNAL_ONLY_MODE,,,YES,NO,Signal-only mode - no execution
2026-02-20 14:30:42,6912.47,6869.98,6836.33,,BULLISH,,UPTREND,,,,YES,NO,All conditions met
2026-02-20 14:30:44,6912.47,6869.98,6836.33,,BULLISH,92.4,UPTREND,SIGNAL_ONLY_MODE,,,YES,NO,Signal-only mode - no execution
2026-02-20 14:30:44,6912.47,6869.98,6836.33,,BULLISH,,UPTREND,,,,YES,NO,All conditions met
2026-02-20 14:30:47,6912.47,6869.98,6836.33,,BULLISH,92.4,UPTREND,SIGNAL_ONLY_MODE,,,YES,NO,Signal-only mode - no execution
2026-02-20 14:30:47,6912.47,6869.98,6836.33,,BULLISH,,UPTREND,,,,YES,NO,All conditions met
2026-02-20 14:30:49,6912.47,6869.98,6836.33,,BULLISH,92.4,UPTREND,SIGNAL_ONLY_MODE,,,YES,NO,Signal-only mode - no execution
2026-02-20 14:30:49,6912.47,6869.98,6836.33,,BULLISH,,UPTREND,,,,YES,NO,All conditions met
2026-02-20 14:30:51,6912.47,6869.98,6836.33,,BULLISH,92.4,UPTREND,SIGNAL_ONLY_MODE,,,YES,NO,Signal-only mode - no execution
2026-02-20 14:30:51,6912.47,6869.98,6836.33,,BULLISH,,UPTREND,,,,YES,NO,All conditions met
2026-02-20 14:30:54,6912.47,6869.98,6836.33,,BULLISH,92.4,UPTREND,SIGNAL_ONLY_MODE,,,YES,NO,Signal-only mode - no execution
2026-02-20 14:30:54,6912.47,6869.98,6836.33,,BULLISH,,UPTREND,,,,YES,NO,All conditions met
2026-02-20 14:30:56,6912.47,6869.98,6836.33,,BULLISH,92.4,UPTREND,SIGNAL_ONLY_MODE,,,YES,NO,Signal-only mode - no execution
2026-02-20 14:30:56,6912.47,6869.98,6836.33,,BULLISH,,UPTREND,,,,YES,NO,All conditions met
2026-02-20 14:30:58,6912.47,6869.98,6836.33,,BULLISH,92.4,UPTREND,SIGNAL_ONLY_MODE,,,YES,NO,Signal-only mode - no execution
2026-02-20 14:30:58,6912.47,6869.98,6836.33,,BULLISH,,UPTREND,,,,YES,NO,All conditions met
2026-02-20 14:31:01,6912.47,6869.98,6836.33,,BULLISH,92.4,UPTREND,SIGNAL_ONLY_MODE,,,YES,NO,Signal-only mode - no execution
2026-02-20 14:31:01,6912.47,6869.98,6836.33,,BULLISH,,UPTREND,,,,YES,NO,All conditions met
2026-02-20 14:31:04,6912.47,6869.98,6836.33,,BULLISH,92.4,UPTREND,SIGNAL_ONLY_MODE,,,YES,NO,Signal-only mode - no execution
2026-02-20 14:31:04,6912.47,6869.98,6836.33,,BULLISH,,UPTREND,,,,YES,NO,All conditions met
2026-02-20 14:31:06,6912.47,6869.98,6836.33,,BULLISH,92.4,UPTREND,SIGNAL_ONLY_MODE,,,YES,NO,Signal-only mode - no execution
2026-02-20 14:31:06,6912.47,6869.98,6836.33,,BULLISH,,UPTREND,,,,YES,NO,All conditions met
2026-02-20 14:31:09,6912.47,6869.98,6836.33,,BULLISH,92.4,UPTREND,SIGNAL_ONLY_MODE,,,YES,NO,Signal-only mode - no execution
2026-02-20 14:31:09,6912.47,6869.98,6836.33,,BULLISH,,UPTREND,,,,YES,NO,All conditions met
2026-02-20 14:31:11,6912.47,6869.98,6836.33,,BULLISH,92.4,UPTREND,SIGNAL_ONLY_MODE,,,YES,NO,Signal-only mode - no execution
2026-02-20 14:31:11,6912.47,6869.98,6836.33,,BULLISH,,UPTREND,,,,YES,NO,All conditions met
2026-02-20 14:31:13,6912.47,6869.98,6836.33,,BULLISH,92.4,UPTREND,SIGNAL_ONLY_MODE,,,YES,NO,Signal-only mode - no execution
2026-02-20 14:31:13,6912.47,6869.98,6836.33,,BULLISH,,UPTREND,,,,YES,NO,All conditions met
2026-02-20 14:31:15,6912.47,6869.98,6836.33,,BULLISH,92.4,UPTREND,SIGNAL_ONLY_MODE,,,YES,NO,Signal-only mode - no execution
2026-02-20 14:31:15,6912.47,6869.98,6836.33,,BULLISH,,UPTREND,,,,YES,NO,All conditions met
2026-02-20 14:31:18,6912.47,6869.98,6836.33,,BULLISH,92.4,UPTREND,SIGNAL_ONLY_MODE,,,YES,NO,Signal-only mode - no execution
2026-02-20 14:31:18,6912.47,6869.98,6836.33,,BULLISH,,UPTREND,,,,YES,NO,All conditions met
2026-02-20 14:31:20,6912.47,6869.98,6836.33,,BULLISH,92.4,UPTREND,SIGNAL_ONLY_MODE,,,YES,NO,Signal-only mode - no execution
2026-02-20 14:31:20,6912.47,6869.98,6836.33,,BULLISH,,UPTREND,,,,YES,NO,All conditions met
2026-02-20 14:31:22,6912.47,6869.98,6836.33,,BULLISH,92.4,UPTREND,SIGNAL_ONLY_MODE,,,YES,NO,Signal-only mode - no execution
2026-02-20 14:31:22,6912.47,6869.98,6836.33,,BULLISH,,UPTREND,,,,YES,NO,All conditions met
2026-02-20 14:31:25,6912.47,6869.98,6836.33,,BULLISH,92.4,UPTREND,SIGNAL_ONLY_MODE,,,YES,NO,Signal-only mode - no execution
2026-02-20 14:31:25,6912.47,6869.98,6836.33,,BULLISH,,UPTREND,,,,YES,NO,All conditions met
2026-02-20 14:31:27,6912.47,6869.98,6836.33,,BULLISH,92.4,UPTREND,SIGNAL_ONLY_MODE,,,YES,NO,Signal-only mode - no execution
2026-02-20 14:31:27,6912.47,6869.98,6836.33,,BULLISH,,UPTREND,,,,YES,NO,All conditions met
2026-02-20 14:31:29,6912.47,6869.98,6836.33,,BULLISH,92.4,UPTREND,SIGNAL_ONLY_MODE,,,YES,NO,Signal-only mode - no execution
2026-02-20 14:31:29,6912.47,6869.98,6836.33,,BULLISH,,UPTREND,,,,YES,NO,All conditions met
2026-02-20 14:31:32,6912.47,6869.98,6836.33,,BULLISH,92.4,UPTREND,SIGNAL_ONLY_MODE,,,YES,NO,Signal-only mode - no execution
2026-02-20 14:31:32,6912.47,6869.98,6836.33,,BULLISH,,UPTREND,,,,YES,NO,All conditions met
2026-02-20 14:31:34,6912.47,6869.98,6836.33,,BULLISH,92.4,UPTREND,SIGNAL_ONLY_MODE,,,YES,NO,Signal-only mode - no execution
2026-02-20 14:31:34,6912.47,6869.98,6836.33,,BULLISH,,UPTREND,,,,YES,NO,All conditions met
2026-02-20 14:31:36,6912.47,6869.98,6836.33,,BULLISH,92.4,UPTREND,SIGNAL_ONLY_MODE,,,YES,NO,Signal-only mode - no execution
2026-02-20 14:31:36,6912.47,6869.98,6836.33,,BULLISH,,UPTREND,,,,YES,NO,All conditions met
2026-02-20 14:31:39,6912.47,6869.98,6836.33,,BULLISH,92.4,UPTREND,SIGNAL_ONLY_MODE,,,YES,NO,Signal-only mode - no execution
2026-02-20 14:31:39,6912.47,6869.98,6836.33,,BULLISH,,UPTREND,,,,YES,NO,All conditions met
2026-02-20 14:31:41,6912.47,6869.98,6836.33,,BULLISH,92.4,UPTREND,SIGNAL_ONLY_MODE,,,YES,NO,Signal-only mode - no execution
2026-02-20 14:31:41,6912.47,6869.98,6836.33,,BULLISH,,UPTREND,,,,YES,NO,All conditions met
2026-02-20 14:31:43,6912.47,6869.98,6836.33,,BULLISH,92.4,UPTREND,SIGNAL_ONLY_MODE,,,YES,NO,Signal-only mode - no execution
2026-02-20 14:31:43,6912.47,6869.98,6836.33,,BULLISH,,UPTREND,,,,YES,NO,All conditions met
2026-02-20 14:31:46,6912.47,6869.98,6836.33,,BULLISH,92.4,UPTREND,SIGNAL_ONLY_MODE,,,YES,NO,Signal-only mode - no execution
2026-02-20 14:31:46,6912.47,6869.98,6836.33,,BULLISH,,UPTREND,,,,YES,NO,All conditions met
2026-02-20 14:31:48,6912.47,6869.98,6836.33,,BULLISH,92.4,UPTREND,SIGNAL_ONLY_MODE,,,YES,NO,Signal-only mode - no execution
2026-02-20 14:31:48,6912.47,6869.98,6836.33,,BULLISH,,UPTREND,,,,YES,NO,All conditions met
2026-02-20 14:31:50,6912.47,6869.98,6836.33,,BULLISH,92.4,UPTREND,SIGNAL_ONLY_MODE,,,YES,NO,Signal-only mode - no execution
2026-02-20 14:31:50,6912.47,6869.98,6836.33,,BULLISH,,UPTREND,,,,YES,NO,All conditions met
2026-02-20 14:31:53,6912.47,6869.98,6836.33,,BULLISH,92.4,UPTREND,SIGNAL_ONLY_MODE,,,YES,NO,Signal-only mode - no execution
2026-02-20 14:31:53,6912.47,6869.98,6836.33,,BULLISH,,UPTREND,,,,YES,NO,All conditions met
2026-02-20 14:31:55,6912.47,6869.98,6836.33,,BULLISH,92.4,UPTREND,SIGNAL_ONLY_MODE,,,YES,NO,Signal-only mode - no execution
2026-02-20 14:31:55,6912.47,6869.98,6836.33,,BULLISH,,UPTREND,,,,YES,NO,All conditions met
2026-02-20 14:31:57,6912.47,6869.98,6836.33,,BULLISH,92.4,UPTREND,SIGNAL_ONLY_MODE,,,YES,NO,Signal-only mode - no execution
2026-02-20 14:31:57,6912.47,6869.98,6836.33,,BULLISH,,UPTREND,,,,YES,NO,All conditions met
2026-02-20 14:31:59,6912.47,6869.98,6836.33,,BULLISH,92.4,UPTREND,SIGNAL_ONLY_MODE,,,YES,NO,Signal-only mode - no execution
2026-02-20 14:31:59,6912.47,6869.98,6836.33,,BULLISH,,UPTREND,,,,YES,NO,All conditions met
2026-02-20 14:32:02,6912.47,6869.98,6836.33,,BULLISH,92.4,UPTREND,SIGNAL_ONLY_MODE,,,YES,NO,Signal-only mode - no execution
2026-02-20 14:32:02,6912.47,6869.98,6836.33,,BULLISH,,UPTREND,,,,YES,NO,All conditions met
2026-02-20 14:32:04,6912.47,6869.98,6836.33,,BULLISH,92.4,UPTREND,SIGNAL_ONLY_MODE,,,YES,NO,Signal-only mode - no execution
2026-02-20 14:32:04,6912.47,6869.98,6836.33,,BULLISH,,UPTREND,,,,YES,NO,All conditions met
2026-02-20 14:32:06,6912.47,6869.98,6836.33,,BULLISH,92.4,UPTREND,SIGNAL_ONLY_MODE,,,YES,NO,Signal-only mode - no execution
2026-02-20 14:32:06,6912.47,6869.98,6836.33,,BULLISH,,UPTREND,,,,YES,NO,All conditions met
2026-02-20 14:32:09,6912.47,6869.98,6836.33,,BULLISH,92.4,UPTREND,SIGNAL_ONLY_MODE,,,YES,NO,Signal-only mode - no execution
2026-02-20 14:32:09,6912.47,6869.98,6836.33,,BULLISH,,UPTREND,,,,YES,NO,All conditions met
2026-02-20 14:32:11,6912.47,6869.98,6836.33,,BULLISH,92.4,UPTREND,SIGNAL_ONLY_MODE,,,YES,NO,Signal-only mode - no execution
2026-02-20 14:32:11,6912.47,6869.98,6836.33,,BULLISH,,UPTREND,,,,YES,NO,All conditions met
2026-02-20 14:32:14,6912.47,6869.98,6836.33,,BULLISH,92.4,UPTREND,SIGNAL_ONLY_MODE,,,YES,NO,Signal-only mode - no execution
2026-02-20 14:32:14,6912.47,6869.98,6836.33,,BULLISH,,UPTREND,,,,YES,NO,All conditions met
2026-02-20 14:32:17,6912.47,6869.98,6836.33,,BULLISH,92.4,UPTREND,SIGNAL_ONLY_MODE,,,YES,NO,Signal-only mode - no execution
2026-02-20 14:32:17,6912.47,6869.98,6836.33,,BULLISH,,UPTREND,,,,YES,NO,All conditions met
2026-02-20 14:32:19,6912.47,6869.98,6836.33,,BULLISH,92.4,UPTREND,SIGNAL_ONLY_MODE,,,YES,NO,Signal-only mode - no execution
2026-02-20 14:32:19,6912.47,6869.98,6836.33,,BULLISH,,UPTREND,,,,YES,NO,All conditions met
2026-02-20 14:32:21,6912.47,6869.98,6836.33,,BULLISH,92.4,UPTREND,SIGNAL_ONLY_MODE,,,YES,NO,Signal-only mode - no execution
2026-02-20 14:32:21,6912.47,6869.98,6836.33,,BULLISH,,UPTREND,,,,YES,NO,All conditions met
2026-02-20 14:32:24,6912.47,6869.98,6836.33,,BULLISH,92.4,UPTREND,SIGNAL_ONLY_MODE,,,YES,NO,Signal-only mode - no execution
2026-02-20 14:32:24,6912.47,6869.98,6836.33,,BULLISH,,UPTREND,,,,YES,NO,All conditions met
2026-02-20 14:32:26,6912.47,6869.98,6836.33,,BULLISH,92.4,UPTREND,SIGNAL_ONLY_MODE,,,YES,NO,Signal-only mode - no execution
2026-02-20 14:32:26,6912.47,6869.98,6836.33,,BULLISH,,UPTREND,,,,YES,NO,All conditions met
2026-02-20 14:32:28,6912.47,6869.98,6836.33,,BULLISH,92.4,UPTREND,SIGNAL_ONLY_MODE,,,YES,NO,Signal-only mode - no execution
2026-02-20 14:32:28,6912.47,6869.98,6836.33,,BULLISH,,UPTREND,,,,YES,NO,All conditions met
2026-02-20 14:32:31,6912.47,6869.98,6836.33,,BULLISH,92.4,UPTREND,SIGNAL_ONLY_MODE,,,YES,NO,Signal-only mode - no execution
2026-02-20 14:32:31,6912.47,6869.98,6836.33,,BULLISH,,UPTREND,,,,YES,NO,All conditions met
2026-02-20 14:32:33,6912.47,6869.98,6836.33,,BULLISH,92.4,UPTREND,SIGNAL_ONLY_MODE,,,YES,NO,Signal-only mode - no execution
2026-02-20 14:32:33,6912.47,6869.98,6836.33,,BULLISH,,UPTREND,,,,YES,NO,All conditions met
2026-02-20 14:32:35,6912.47,6869.98,6836.33,,BULLISH,92.4,UPTREND,SIGNAL_ONLY_MODE,,,YES,NO,Signal-only mode - no execution
2026-02-20 14:32:35,6912.47,6869.98,6836.33,,BULLISH,,UPTREND,,,,YES,NO,All conditions met
2026-02-20 14:32:38,6912.47,6869.98,6836.33,,BULLISH,92.4,UPTREND,SIGNAL_ONLY_MODE,,,YES,NO,Signal-only mode - no execution
2026-02-20 14:32:38,6912.47,6869.98,6836.33,,BULLISH,,UPTREND,,,,YES,NO,All conditions met
2026-02-20 14:32:40,6912.47,6869.98,6836.33,,BULLISH,92.4,UPTREND,SIGNAL_ONLY_MODE,,,YES,NO,Signal-only mode - no execution
2026-02-20 14:32:40,6912.47,6869.98,6836.33,,BULLISH,,UPTREND,,,,YES,NO,All conditions met
2026-02-20 14:32:42,6912.47,6869.98,6836.33,,BULLISH,92.4,UPTREND,SIGNAL_ONLY_MODE,,,YES,NO,Signal-only mode - no execution
2026-02-20 14:32:42,6912.47,6869.98,6836.33,,BULLISH,,UPTREND,,,,YES,NO,All conditions met
2026-02-20 14:32:44,6912.47,6869.98,6836.33,,BULLISH,92.4,UPTREND,SIGNAL_ONLY_MODE,,,YES,NO,Signal-only mode - no execution
2026-02-20 14:32:44,6912.47,6869.98,6836.33,,BULLISH,,UPTREND,,,,YES,NO,All conditions met
2026-02-20 14:32:47,6912.47,6869.98,6836.33,,BULLISH,92.4,UPTREND,SIGNAL_ONLY_MODE,,,YES,NO,Signal-only mode - no execution
2026-02-20 14:32:47,6912.47,6869.98,6836.33,,BULLISH,,UPTREND,,,,YES,NO,All conditions met
2026-02-20 14:32:49,6912.47,6869.98,6836.33,,BULLISH,92.4,UPTREND,SIGNAL_ONLY_MODE,,,YES,NO,Signal-only mode - no execution
2026-02-20 14:32:49,6912.47,6869.98,6836.33,,BULLISH,,UPTREND,,,,YES,NO,All conditions met
2026-02-20 14:32:51,6912.47,6869.98,6836.33,,BULLISH,92.4,UPTREND,SIGNAL_ONLY_MODE,,,YES,NO,Signal-only mode - no execution
2026-02-20 14:32:51,6912.47,6869.98,6836.33,,BULLISH,,UPTREND,,,,YES,NO,All conditions met
2026-02-20 14:32:54,6912.47,6869.98,6836.33,,BULLISH,92.4,UPTREND,SIGNAL_ONLY_MODE,,,YES,NO,Signal-only mode - no execution
2026-02-20 14:32:54,6912.47,6869.98,6836.33,,BULLISH,,UPTREND,,,,YES,NO,All conditions met
2026-02-20 14:32:56,6912.47,6869.98,6836.33,,BULLISH,92.4,UPTREND,SIGNAL_ONLY_MODE,,,YES,NO,Signal-only mode - no execution
2026-02-20 14:32:56,6912.47,6869.98,6836.33,,BULLISH,,UPTREND,,,,YES,NO,All conditions met
2026-02-20 14:32:58,6912.47,6869.98,6836.33,,BULLISH,92.4,UPTREND,SIGNAL_ONLY_MODE,,,YES,NO,Signal-only mode - no execution
2026-02-20 14:32:58,6912.47,6869.98,6836.33,,BULLISH,,UPTREND,,,,YES,NO,All conditions met
2026-02-20 14:33:01,6912.47,6869.98,6836.33,,BULLISH,92.4,UPTREND,SIGNAL_ONLY_MODE,,,YES,NO,Signal-only mode - no execution
2026-02-20 14:33:01,6912.47,6869.98,6836.33,,BULLISH,,UPTREND,,,,YES,NO,All conditions met
2026-02-20 14:33:03,6912.47,6869.98,6836.33,,BULLISH,92.4,UPTREND,SIGNAL_ONLY_MODE,,,YES,NO,Signal-only mode - no execution
2026-02-20 14:33:03,6912.47,6869.98,6836.33,,BULLISH,,UPTREND,,,,YES,NO,All conditions met
2026-02-20 14:33:05,6912.47,6869.98,6836.33,,BULLISH,92.4,UPTREND,SIGNAL_ONLY_MODE,,,YES,NO,Signal-only mode - no execution
2026-02-20 14:33:05,6912.47,6869.98,6836.33,,BULLISH,,UPTREND,,,,YES,NO,All conditions met
2026-02-20 14:33:08,6912.47,6869.98,6836.33,,BULLISH,92.4,UPTREND,SIGNAL_ONLY_MODE,,,YES,NO,Signal-only mode - no execution
2026-02-20 14:33:08,6912.47,6869.98,6836.33,,BULLISH,,UPTREND,,,,YES,NO,All conditions met
2026-02-20 14:33:10,6912.47,6869.98,6836.33,,BULLISH,92.4,UPTREND,SIGNAL_ONLY_MODE,,,YES,NO,Signal-only mode - no execution
2026-02-20 14:33:10,6912.47,6869.98,6836.33,,BULLISH,,UPTREND,,,,YES,NO,All conditions met
2026-02-20 14:33:12,6912.47,6869.98,6836.33,,BULLISH,92.4,UPTREND,SIGNAL_ONLY_MODE,,,YES,NO,Signal-only mode - no execution
2026-02-20 14:33:12,6912.47,6869.98,6836.33,,BULLISH,,UPTREND,,,,YES,NO,All conditions met
2026-02-20 14:33:15,6912.47,6869.98,6836.33,,BULLISH,92.4,UPTREND,SIGNAL_ONLY_MODE,,,YES,NO,Signal-only mode - no execution
2026-02-20 14:33:15,6912.47,6869.98,6836.33,,BULLISH,,UPTREND,,,,YES,NO,All conditions met
2026-02-20 14:33:17,6912.47,6869.98,6836.33,,BULLISH,92.4,UPTREND,SIGNAL_ONLY_MODE,,,YES,NO,Signal-only mode - no execution
2026-02-20 14:33:17,6912.47,6869.98,6836.33,,BULLISH,,UPTREND,,,,YES,NO,All conditions met
2026-02-20 14:33:19,6912.47,6869.98,6836.33,,BULLISH,92.4,UPTREND,SIGNAL_ONLY_MODE,,,YES,NO,Signal-only mode - no execution
2026-02-20 14:33:19,6912.47,6869.98,6836.33,,BULLISH,,UPTREND,,,,YES,NO,All conditions met
2026-02-20 14:33:22,6912.47,6869.98,6836.33,,BULLISH,92.4,UPTREND,SIGNAL_ONLY_MODE,,,YES,NO,Signal-only mode - no execution
2026-02-20 14:33:22,6912.47,6869.98,6836.33,,BULLISH,,UPTREND,,,,YES,NO,All conditions met
2026-02-20 14:33:25,6912.47,6869.98,6836.33,,BULLISH,92.4,UPTREND,SIGNAL_ONLY_MODE,,,YES,NO,Signal-only mode - no execution
2026-02-20 14:33:25,6912.47,6869.98,6836.33,,BULLISH,,UPTREND,,,,YES,NO,All conditions met
2026-02-20 14:33:27,6912.47,6869.98,6836.33,,BULLISH,92.4,UPTREND,SIGNAL_ONLY_MODE,,,YES,NO,Signal-only mode - no execution
2026-02-20 14:33:27,6912.47,6869.98,6836.33,,BULLISH,,UPTREND,,,,YES,NO,All conditions met
2026-02-20 14:33:30,6912.47,6869.98,6836.33,,BULLISH,92.4,UPTREND,SIGNAL_ONLY_MODE,,,YES,NO,Signal-only mode - no execution
2026-02-20 14:33:30,6912.47,6869.98,6836.33,,BULLISH,,UPTREND,,,,YES,NO,All conditions met
2026-02-20 14:33:32,6912.47,6869.98,6836.33,,BULLISH,92.4,UPTREND,SIGNAL_ONLY_MODE,,,YES,NO,Signal-only mode - no execution
2026-02-20 14:33:32,6912.47,6869.98,6836.33,,BULLISH,,UPTREND,,,,YES,NO,All conditions met
2026-02-20 14:33:34,6912.47,6869.98,6836.33,,BULLISH,92.4,UPTREND,SIGNAL_ONLY_MODE,,,YES,NO,Signal-only mode - no execution
2026-02-20 14:33:34,6912.47,6869.98,6836.33,,BULLISH,,UPTREND,,,,YES,NO,All conditions met
2026-02-20 14:33:37,6912.47,6869.98,6836.33,,BULLISH,92.4,UPTREND,SIGNAL_ONLY_MODE,,,YES,NO,Signal-only mode - no execution
2026-02-20 14:33:37,6912.47,6869.98,6836.33,,BULLISH,,UPTREND,,,,YES,NO,All conditions met
2026-02-20 14:33:39,6912.47,6869.98,6836.33,,BULLISH,92.4,UPTREND,SIGNAL_ONLY_MODE,,,YES,NO,Signal-only mode - no execution
2026-02-20 14:33:39,6912.47,6869.98,6836.33,,BULLISH,,UPTREND,,,,YES,NO,All conditions met
2026-02-20 14:33:41,6912.47,6869.98,6836.33,,BULLISH,92.4,UPTREND,SIGNAL_ONLY_MODE,,,YES,NO,Signal-only mode - no execution
2026-02-20 14:33:41,6912.47,6869.98,6836.33,,BULLISH,,UPTREND,,,,YES,NO,All conditions met
2026-02-20 14:33:44,6912.47,6869.98,6836.33,,BULLISH,92.4,UPTREND,SIGNAL_ONLY_MODE,,,YES,NO,Signal-only mode - no execution
2026-02-20 14:33:44,6912.47,6869.98,6836.33,,BULLISH,,UPTREND,,,,YES,NO,All conditions met
2026-02-20 14:33:46,6912.47,6869.98,6836.33,,BULLISH,92.4,UPTREND,SIGNAL_ONLY_MODE,,,YES,NO,Signal-only mode - no execution
2026-02-20 14:33:46,6912.47,6869.98,6836.33,,BULLISH,,UPTREND,,,,YES,NO,All conditions met
2026-02-20 14:33:48,6912.47,6869.98,6836.33,,BULLISH,92.4,UPTREND,SIGNAL_ONLY_MODE,,,YES,NO,Signal-only mode - no execution
2026-02-20 14:33:48,6912.47,6869.98,6836.33,,BULLISH,,UPTREND,,,,YES,NO,All conditions met
2026-02-20 14:33:51,6912.47,6869.98,6836.33,,BULLISH,92.4,UPTREND,SIGNAL_ONLY_MODE,,,YES,NO,Signal-only mode - no execution
2026-02-20 14:33:51,6912.47,6869.98,6836.33,,BULLISH,,UPTREND,,,,YES,NO,All conditions met
2026-02-20 14:33:53,6912.47,6869.98,6836.33,,BULLISH,92.4,UPTREND,SIGNAL_ONLY_MODE,,,YES,NO,Signal-only mode - no execution
2026-02-20 14:33:53,6912.47,6869.98,6836.33,,BULLISH,,UPTREND,,,,YES,NO,All conditions met
2026-02-20 14:33:55,6912.47,6869.98,6836.33,,BULLISH,92.4,UPTREND,SIGNAL_ONLY_MODE,,,YES,NO,Signal-only mode - no execution
2026-02-20 14:33:55,6912.47,6869.98,6836.33,,BULLISH,,UPTREND,,,,YES,NO,All conditions met
2026-02-20 14:33:58,6912.47,6869.98,6836.33,,BULLISH,92.4,UPTREND,SIGNAL_ONLY_MODE,,,YES,NO,Signal-only mode - no execution
2026-02-20 14:33:58,6912.47,6869.98,6836.33,,BULLISH,,UPTREND,,,,YES,NO,All conditions met
2026-02-20 14:34:00,6912.47,6869.98,6836.33,,BULLISH,92.4,UPTREND,SIGNAL_ONLY_MODE,,,YES,NO,Signal-only mode - no execution
2026-02-20 14:34:00,6912.47,6869.98,6836.33,,BULLISH,,UPTREND,,,,YES,NO,All conditions met
2026-02-20 14:34:02,6912.47,6869.98,6836.33,,BULLISH,92.4,UPTREND,SIGNAL_ONLY_MODE,,,YES,NO,Signal-only mode - no execution
2026-02-20 14:34:02,6912.47,6869.98,6836.33,,BULLISH,,UPTREND,,,,YES,NO,All conditions met
2026-02-20 14:34:05,6912.47,6869.98,6836.33,,BULLISH,92.4,UPTREND,SIGNAL_ONLY_MODE,,,YES,NO,Signal-only mode - no execution
2026-02-20 14:34:05,6912.47,6869.98,6836.33,,BULLISH,,UPTREND,,,,YES,NO,All conditions met
2026-02-20 14:34:07,6912.47,6869.98,6836.33,,BULLISH,92.4,UPTREND,SIGNAL_ONLY_MODE,,,YES,NO,Signal-only mode - no execution
2026-02-20 14:34:07,6912.47,6869.98,6836.33,,BULLISH,,UPTREND,,,,YES,NO,All conditions met
2026-02-20 14:34:09,6912.47,6869.98,6836.33,,BULLISH,92.4,UPTREND,SIGNAL_ONLY_MODE,,,YES,NO,Signal-only mode - no execution
2026-02-20 14:34:09,6912.47,6869.98,6836.33,,BULLISH,,UPTREND,,,,YES,NO,All conditions met
2026-02-20 14:34:12,6912.47,6869.98,6836.33,,BULLISH,92.4,UPTREND,SIGNAL_ONLY_MODE,,,YES,NO,Signal-only mode - no execution
2026-02-20 14:34:12,6912.47,6869.98,6836.33,,BULLISH,,UPTREND,,,,YES,NO,All conditions met
2026-02-20 14:34:14,6912.47,6869.98,6836.33,,BULLISH,92.4,UPTREND,SIGNAL_ONLY_MODE,,,YES,NO,Signal-only mode - no execution
2026-02-20 14:34:14,6912.47,6869.98,6836.33,,BULLISH,,UPTREND,,,,YES,NO,All conditions met
2026-02-20 14:34:16,6912.47,6869.98,6836.33,,BULLISH,92.4,UPTREND,SIGNAL_ONLY_MODE,,,YES,NO,Signal-only mode - no execution
2026-02-20 14:34:16,6912.47,6869.98,6836.33,,BULLISH,,UPTREND,,,,YES,NO,All conditions met
2026-02-20 14:34:19,6912.47,6869.98,6836.33,,BULLISH,92.4,UPTREND,SIGNAL_ONLY_MODE,,,YES,NO,Signal-only mode - no execution
2026-02-20 14:34:19,6912.47,6869.98,6836.33,,BULLISH,,UPTREND,,,,YES,NO,All conditions met
2026-02-20 14:34:21,6912.47,6869.98,6836.33,,BULLISH,92.4,UPTREND,SIGNAL_ONLY_MODE,,,YES,NO,Signal-only mode - no execution
2026-02-20 14:34:21,6912.47,6869.98,6836.33,,BULLISH,,UPTREND,,,,YES,NO,All conditions met
2026-02-20 14:34:23,6912.47,6869.98,6836.33,,BULLISH,92.4,UPTREND,SIGNAL_ONLY_MODE,,,YES,NO,Signal-only mode - no execution
2026-02-20 14:34:23,6912.47,6869.98,6836.33,,BULLISH,,UPTREND,,,,YES,NO,All conditions met
2026-02-20 14:34:26,6912.47,6869.98,6836.33,,BULLISH,92.4,UPTREND,SIGNAL_ONLY_MODE,,,YES,NO,Signal-only mode - no execution
2026-02-20 14:34:26,6912.47,6869.98,6836.33,,BULLISH,,UPTREND,,,,YES,NO,All conditions met
2026-02-20 14:34:28,6912.47,6869.98,6836.33,,BULLISH,92.4,UPTREND,SIGNAL_ONLY_MODE,,,YES,NO,Signal-only mode - no execution
2026-02-20 14:34:28,6912.47,6869.98,6836.33,,BULLISH,,UPTREND,,,,YES,NO,All conditions met
2026-02-20 14:34:30,6912.47,6869.98,6836.33,,BULLISH,92.4,UPTREND,SIGNAL_ONLY_MODE,,,YES,NO,Signal-only mode - no execution
2026-02-20 14:34:30,6912.47,6869.98,6836.33,,BULLISH,,UPTREND,,,,YES,NO,All conditions met
2026-02-20 14:34:33,6912.47,6869.98,6836.33,,BULLISH,92.4,UPTREND,SIGNAL_ONLY_MODE,,,YES,NO,Signal-only mode - no execution
2026-02-20 14:34:33,6912.47,6869.98,6836.33,,BULLISH,,UPTREND,,,,YES,NO,All conditions met
2026-02-20 14:34:36,6912.47,6869.98,6836.33,,BULLISH,92.4,UPTREND,SIGNAL_ONLY_MODE,,,YES,NO,Signal-only mode - no execution
2026-02-20 14:34:36,6912.47,6869.98,6836.33,,BULLISH,,UPTREND,,,,YES,NO,All conditions met
2026-02-20 14:34:38,6912.47,6869.98,6836.33,,BULLISH,92.4,UPTREND,SIGNAL_ONLY_MODE,,,YES,NO,Signal-only mode - no execution
2026-02-20 14:34:38,6912.47,6869.98,6836.33,,BULLISH,,UPTREND,,,,YES,NO,All conditions met
2026-02-20 14:34:40,6912.47,6869.98,6836.33,,BULLISH,92.4,UPTREND,SIGNAL_ONLY_MODE,,,YES,NO,Signal-only mode - no execution
2026-02-20 14:34:40,6912.47,6869.98,6836.33,,BULLISH,,UPTREND,,,,YES,NO,All conditions met
2026-02-20 14:34:43,6912.47,6869.98,6836.33,,BULLISH,92.4,UPTREND,SIGNAL_ONLY_MODE,,,YES,NO,Signal-only mode - no execution
2026-02-20 14:34:43,6912.47,6869.98,6836.33,,BULLISH,,UPTREND,,,,YES,NO,All conditions met
2026-02-20 14:34:45,6912.47,6869.98,6836.33,,BULLISH,92.4,UPTREND,SIGNAL_ONLY_MODE,,,YES,NO,Signal-only mode - no execution
2026-02-20 14:34:45,6912.47,6869.98,6836.33,,BULLISH,,UPTREND,,,,YES,NO,All conditions met
2026-02-20 14:34:47,6912.47,6869.98,6836.33,,BULLISH,92.4,UPTREND,SIGNAL_ONLY_MODE,,,YES,NO,Signal-only mode - no execution
2026-02-20 14:34:47,6912.47,6869.98,6836.33,,BULLISH,,UPTREND,,,,YES,NO,All conditions met
2026-02-20 14:34:50,6912.47,6869.98,6836.33,,BULLISH,92.4,UPTREND,SIGNAL_ONLY_MODE,,,YES,NO,Signal-only mode - no execution
2026-02-20 14:34:50,6912.47,6869.98,6836.33,,BULLISH,,UPTREND,,,,YES,NO,All conditions met
2026-02-20 14:34:52,6912.47,6869.98,6836.33,,BULLISH,92.4,UPTREND,SIGNAL_ONLY_MODE,,,YES,NO,Signal-only mode - no execution
2026-02-20 14:34:52,6912.47,6869.98,6836.33,,BULLISH,,UPTREND,,,,YES,NO,All conditions met
2026-02-20 14:34:54,6912.47,6869.98,6836.33,,BULLISH,92.4,UPTREND,SIGNAL_ONLY_MODE,,,YES,NO,Signal-only mode - no execution
2026-02-20 14:34:54,6912.47,6869.98,6836.33,,BULLISH,,UPTREND,,,,YES,NO,All conditions met
2026-02-20 14:34:57,6912.47,6869.98,6836.33,,BULLISH,92.4,UPTREND,SIGNAL_ONLY_MODE,,,YES,NO,Signal-only mode - no execution
2026-02-20 14:34:57,6912.47,6869.98,6836.33,,BULLISH,,UPTREND,,,,YES,NO,All conditions met
2026-02-20 14:34:59,6912.47,6869.98,6836.33,,BULLISH,92.4,UPTREND,SIGNAL_ONLY_MODE,,,YES,NO,Signal-only mode - no execution
2026-02-20 14:34:59,6912.47,6869.98,6836.33,,BULLISH,,UPTREND,,,,YES,NO,All conditions met
2026-02-20 14:35:02,6912.47,6869.98,6836.33,,BULLISH,92.4,UPTREND,SIGNAL_ONLY_MODE,,,YES,NO,Signal-only mode - no execution
2026-02-20 14:35:02,6912.47,6869.98,6836.33,,BULLISH,,UPTREND,,,,YES,NO,All conditions met
2026-02-20 14:35:04,6912.47,6869.98,6836.33,,BULLISH,92.4,UPTREND,SIGNAL_ONLY_MODE,,,YES,NO,Signal-only mode - no execution
2026-02-20 14:35:04,6912.47,6869.98,6836.33,,BULLISH,,UPTREND,,,,YES,NO,All conditions met
2026-02-20 14:35:06,6912.47,6869.98,6836.33,,BULLISH,92.4,UPTREND,SIGNAL_ONLY_MODE,,,YES,NO,Signal-only mode - no execution
2026-02-20 14:35:06,6912.47,6869.98,6836.33,,BULLISH,,UPTREND,,,,YES,NO,All conditions met
2026-02-20 14:35:08,6912.47,6869.98,6836.33,,BULLISH,92.4,UPTREND,SIGNAL_ONLY_MODE,,,YES,NO,Signal-only mode - no execution
2026-02-20 14:35:08,6912.47,6869.98,6836.33,,BULLISH,,UPTREND,,,,YES,NO,All conditions met
2026-02-20 14:35:11,6912.47,6869.98,6836.33,,BULLISH,92.4,UPTREND,SIGNAL_ONLY_MODE,,,YES,NO,Signal-only mode - no execution
2026-02-20 14:35:11,6912.47,6869.98,6836.33,,BULLISH,,UPTREND,,,,YES,NO,All conditions met
2026-02-20 14:35:13,6912.47,6869.98,6836.33,,BULLISH,92.4,UPTREND,SIGNAL_ONLY_MODE,,,YES,NO,Signal-only mode - no execution
2026-02-20 14:35:13,6912.47,6869.98,6836.33,,BULLISH,,UPTREND,,,,YES,NO,All conditions met
2026-02-20 14:35:15,6912.47,6869.98,6836.33,,BULLISH,92.4,UPTREND,SIGNAL_ONLY_MODE,,,YES,NO,Signal-only mode - no execution
2026-02-20 14:35:15,6912.47,6869.98,6836.33,,BULLISH,,UPTREND,,,,YES,NO,All conditions met
2026-02-20 14:35:18,6912.47,6869.98,6836.33,,BULLISH,92.4,UPTREND,SIGNAL_ONLY_MODE,,,YES,NO,Signal-only mode - no execution
2026-02-20 14:35:18,6912.47,6869.98,6836.33,,BULLISH,,UPTREND,,,,YES,NO,All conditions met
2026-02-20 14:35:20,6912.47,6869.98,6836.33,,BULLISH,92.4,UPTREND,SIGNAL_ONLY_MODE,,,YES,NO,Signal-only mode - no execution
2026-02-20 14:35:20,6912.47,6869.98,6836.33,,BULLISH,,UPTREND,,,,YES,NO,All conditions met
